Workbook

Sheet Tabela 1
A1: Długość kroku | B1: Lp. | C1: x1(0) | D1: x2(0) | E1: Metoda najszybszego spadku | K1: Metoda gradientów sprzężonych | Q1: Metoda Newtona
E2: x1* | F2: x2* | G2: y* | H2: f_calls | I2: g_calls | J2: Minimum globalne [TAK/NIE] | K2: x1* | L2: x2* | M2: y* | N2: f_calls | O2: g_calls | P2: Minimum globalne [TAK/NIE] | Q2: x1* | R2: x2* | S2: y* | T2: f_calls | U2: g_calls | V2: H_calls | W2: Minimum globalne [TAK/NIE]
A3: 0.05 | B3: 1 | C3: 1.830541 | D3: 0.299069 | E3: 1.746693 | F3: -0.864992 | G3: 0.298713 | H3: 1 | I3: 49 | J3: =IF(ABS(G3) < 0.01,"TAK","NIE") -> NIE | K3: 1.747415 | L3: -0.871944 | M3: 0.298642 | N3: 1 | O3: 55 | P3: =IF(ABS(M3) < 0.01,"TAK","NIE") -> NIE | Q3: 1.749176 | R3: -0.855535 | S3: 0.299017 | T3: 1 | U3: 81 | V3: 81 | W3: =IF(ABS(S3) < 0.01,"TAK","NIE") -> NIE
B4: 2 | C4: 1.434883 | D4: 1.230764 | E4: 1.746682 | F4: -0.864883 | G4: 0.298714 | H4: 1 | I4: 57 | J4: =IF(ABS(G4) < 0.01,"TAK","NIE") -> NIE | K4: nan | L4: nan | M4: nan | N4: 1 | O4: 43 | P4: =IF(ABS(M4) < 0.01,"TAK","NIE") -> #VALUE! | Q4: 1.073367 | R4: -0.517419 | S4: 0.877715 | T4: 1 | U4: 90 | V4: 90 | W4: =IF(ABS(S4) < 0.01,"TAK","NIE") -> NIE
B5: 3 | C5: 0.951744 | D5: 1.596003 | E5: -0.004184 | F5: 0.010108 | G5: 9.5e-05 | H5: 1 | I5: 54 | J5: =IF(ABS(G5) < 0.01,"TAK","NIE") -> TAK | K5: 4e-05 | L5: 0.001106 | M5: 1e-06 | N5: 1 | O5: 64 | P5: =IF(ABS(M5) < 0.01,"TAK","NIE") -> TAK | Q5: 1.069593 | R5: -0.517231 | S5: 0.877668 | T5: 1 | U5: 93 | V5: 93 | W5: =IF(ABS(S5) < 0.01,"TAK","NIE") -> NIE
B6: 4 | C6: 0.176069 | D6: 0.705197 | E6: -0.004239 | F6: 0.010239 | G6: 9.7e-05 | H6: 1 | I6: 48 | J6: =IF(ABS(G6) < 0.01,"TAK","NIE") -> TAK | K6: -2.9e-05 | L6: 0.00124 | M6: 2e-06 | N6: 1 | O6: 58 | P6: =IF(ABS(M6) < 0.01,"TAK","NIE") -> TAK | Q6: 0.004208 | R6: 0.017643 | S6: 0.000421 | T6: 1 | U6: 72 | V6: 72 | W6: =IF(ABS(S6) < 0.01,"TAK","NIE") -> TAK
B7: 5 | C7: 1.33676 | D7: 1.031001 | E7: 1.74671 | F7: -0.865164 | G7: 0.29871 | H7: 1 | I7: 69 | J7: =IF(ABS(G7) < 0.01,"TAK","NIE") -> NIE | K7: nan | L7: nan | M7: nan | N7: 1 | O7: 58 | P7: =IF(ABS(M7) < 0.01,"TAK","NIE") -> #VALUE! | Q7: 1.073375 | R7: -0.517088 | S7: 0.877728 | T7: 1 | U7: 87 | V7: 87 | W7: =IF(ABS(S7) < 0.01,"TAK","NIE") -> NIE
B8: 6 | C8: 0.728487 | D8: 0.058684 | E8: 0.004345 | F8: -0.010377 | G8: 0.0001 | H8: 1 | I8: 41 | J8: =IF(ABS(G8) < 0.01,"TAK","NIE") -> TAK | K8: -0.001057 | L8: -0.000144 | M8: 2e-06 | N8: 1 | O8: 46 | P8: =IF(ABS(M8) < 0.01,"TAK","NIE") -> TAK | Q8: 1.062811 | R8: -0.518479 | S8: 0.877398 | T8: 1 | U8: 68 | V8: 68 | W8: =IF(ABS(S8) < 0.01,"TAK","NIE") -> NIE
B9: 7 | C9: 0.998412 | D9: 1.406785 | E9: -0.004297 | F9: 0.010396 | G9: 0.0001 | H9: 1 | I9: 50 | J9: =IF(ABS(G9) < 0.01,"TAK","NIE") -> TAK | K9: -0.001303 | L9: 0.00237 | M9: 6e-06 | N9: 1 | O9: 52 | P9: =IF(ABS(M9) < 0.01,"TAK","NIE") -> TAK | Q9: 1.069885 | R9: -0.517038 | S9: 0.877681 | T9: 1 | U9: 91 | V9: 91 | W9: =IF(ABS(S9) < 0.01,"TAK","NIE") -> NIE
B10: 8 | C10: 1.856469 | D10: 1.410862 | E10: 1.746685 | F10: -0.864909 | G10: 0.298714 | H10: 1 | I10: 56 | J10: =IF(ABS(G10) < 0.01,"TAK","NIE") -> NIE | K10: nan | L10: nan | M10: nan | N10: 1 | O10: 46 | P10: =IF(ABS(M10) < 0.01,"TAK","NIE") -> #VALUE! | Q10: 1.748723 | R10: -0.855522 | S10: 0.299001 | T10: 1 | U10: 94 | V10: 94 | W10: =IF(ABS(S10) < 0.01,"TAK","NIE") -> NIE
B11: 9 | C11: 0.230818 | D11: 0.356198 | E11: -0.004271 | F11: 0.010402 | G11: 0.0001 | H11: 1 | I11: 37 | J11: =IF(ABS(G11) < 0.01,"TAK","NIE") -> TAK | K11: -0.00106 | L11: 0.002717 | M11: 7e-06 | N11: 1 | O11: 46 | P11: =IF(ABS(M11) < 0.01,"TAK","NIE") -> TAK | Q11: 0.009413 | R11: 0.015934 | S11: 0.000581 | T11: 1 | U11: 61 | V11: 61 | W11: =IF(ABS(S11) < 0.01,"TAK","NIE") -> TAK
B12: 10 | C12: 1.82403 | D12: 1.436731 | E12: 1.746672 | F12: -0.864781 | G12: 0.298716 | H12: 1 | I12: 56 | J12: =IF(ABS(G12) < 0.01,"TAK","NIE") -> NIE | K12: nan | L12: #NAME? | M12: nan | N12: 1 | O12: 46 | P12: =IF(ABS(M12) < 0.01,"TAK","NIE") -> #VALUE! | Q12: 1.748309 | R12: -0.855237 | S12: 0.299 | T12: 1 | U12: 94 | V12: 94 | W12: =IF(ABS(S12) < 0.01,"TAK","NIE") -> NIE
B13: 11 | C13: 0.972829 | D13: 0.771838 | E13: -0.001101 | F13: 0.008365 | G13: 6.3e-05 | H13: 1 | I13: 28 | J13: =IF(ABS(G13) < 0.01,"TAK","NIE") -> TAK | K13: 2.3e-05 | L13: -0.001467 | M13: 2e-06 | N13: 1 | O13: 52 | P13: =IF(ABS(M13) < 0.01,"TAK","NIE") -> TAK | Q13: 1.06922 | R13: -0.516793 | S13: 0.877675 | T13: 1 | U13: 83 | V13: 83 | W13: =IF(ABS(S13) < 0.01,"TAK","NIE") -> NIE
B14: 12 | C14: 0.157517 | D14: 1.400876 | E14: -0.004295 | F14: 0.010368 | G14: 0.0001 | H14: 1 | I14: 57 | J14: =IF(ABS(G14) < 0.01,"TAK","NIE") -> TAK | K14: -0.000245 | L14: 0.001639 | M14: 2e-06 | N14: 1 | O14: 61 | P14: =IF(ABS(M14) < 0.01,"TAK","NIE") -> TAK | Q14: 0.002051 | R14: 0.018878 | S14: 0.000404 | T14: 1 | U14: 84 | V14: 84 | W14: =IF(ABS(S14) < 0.01,"TAK","NIE") -> TAK
B15: 13 | C15: 0.719356 | D15: 1.164407 | E15: -0.004183 | F15: 0.010109 | G15: 9.5e-05 | H15: 1 | I15: 51 | J15: =IF(ABS(G15) < 0.01,"TAK","NIE") -> TAK | K15: 6.5e-05 | L15: 0.001374 | M15: 2e-06 | N15: 1 | O15: 61 | P15: =IF(ABS(M15) < 0.01,"TAK","NIE") -> TAK | Q15: 1.067741 | R15: -0.517172 | S15: 0.877623 | T15: 1 | U15: 88 | V15: 88 | W15: =IF(ABS(S15) < 0.01,"TAK","NIE") -> NIE
B16: 14 | C16: 1.417619 | D16: 0.980767 | E16: 1.746663 | F16: -0.864692 | G16: 0.298718 | H16: 1 | I16: 55 | J16: =IF(ABS(G16) < 0.01,"TAK","NIE") -> NIE | K16: 1.747597 | L16: -0.875739 | M16: 0.298642 | N16: 1 | O16: 64 | P16: =IF(ABS(M16) < 0.01,"TAK","NIE") -> NIE | Q16: 1.073812 | R16: -0.51742 | S16: 0.877718 | T16: 1 | U16: 87 | V16: 87 | W16: =IF(ABS(S16) < 0.01,"TAK","NIE") -> NIE
B17: 15 | C17: 0.709673 | D17: 1.37562 | E17: -0.00418 | F17: 0.010095 | G17: 9.5e-05 | H17: 1 | I17: 54 | J17: =IF(ABS(G17) < 0.01,"TAK","NIE") -> TAK | K17: 6.8e-05 | L17: 0.001583 | M17: 3e-06 | N17: 1 | O17: 61 | P17: =IF(ABS(M17) < 0.01,"TAK","NIE") -> TAK | Q17: 1.067985 | R17: -0.516881 | S17: 0.87764 | T17: 1 | U17: 90 | V17: 90 | W17: =IF(ABS(S17) < 0.01,"TAK","NIE") -> NIE
B18: 16 | C18: 0.094198 | D18: 1.659396 | E18: -0.004095 | F18: 0.009885 | G18: 9.1e-05 | H18: 1 | I18: 60 | J18: =IF(ABS(G18) < 0.01,"TAK","NIE") -> TAK | K18: -0.000229 | L18: 0.001834 | M18: 3e-06 | N18: 1 | O18: 61 | P18: =IF(ABS(M18) < 0.01,"TAK","NIE") -> TAK | Q18: 0.00102 | R18: 0.018187 | S18: 0.000351 | T18: 1 | U18: 88 | V18: 88 | W18: =IF(ABS(S18) < 0.01,"TAK","NIE") -> TAK
B19: 17 | C19: 1.439587 | D19: 1.412103 | E19: 1.746661 | F19: -0.864673 | G19: 0.298718 | H19: 1 | I19: 59 | J19: =IF(ABS(G19) < 0.01,"TAK","NIE") -> NIE | K19: nan | L19: nan | M19: nan | N19: 1 | O19: 46 | P19: =IF(ABS(M19) < 0.01,"TAK","NIE") -> #VALUE! | Q19: 1.073223 | R19: -0.516585 | S19: 0.877747 | T19: 1 | U19: 91 | V19: 91 | W19: =IF(ABS(S19) < 0.01,"TAK","NIE") -> NIE
B20: 18 | C20: 1.551422 | D20: 1.597242 | E20: 1.746692 | F20: -0.864984 | G20: 0.298713 | H20: 1 | I20: 58 | J20: =IF(ABS(G20) < 0.01,"TAK","NIE") -> NIE | K20: nan | L20: nan | M20: nan | N20: 1 | O20: 46 | P20: =IF(ABS(M20) < 0.01,"TAK","NIE") -> #VALUE! | Q20: 1.746759 | R20: -0.855223 | S20: 0.298972 | T20: 1 | U20: 95 | V20: 95 | W20: =IF(ABS(S20) < 0.01,"TAK","NIE") -> NIE
B21: 19 | C21: 0.829402 | D21: 0.157317 | E21: 0.004169 | F21: -0.009941 | G21: 9.2e-05 | H21: 1 | I21: 42 | J21: =IF(ABS(G21) < 0.01,"TAK","NIE") -> TAK | K21: 0.00033 | L21: 0.000786 | M21: 1e-06 | N21: 1 | O21: 64 | P21: =IF(ABS(M21) < 0.01,"TAK","NIE") -> TAK | Q21: 1.06521 | R21: -0.517616 | S21: 0.877524 | T21: 1 | U21: 71 | V21: 71 | W21: =IF(ABS(S21) < 0.01,"TAK","NIE") -> NIE
B22: 20 | C22: 1.518182 | D22: 1.500765 | E22: 1.746626 | F22: -0.864317 | G22: 0.298724 | H22: 1 | I22: 57 | J22: =IF(ABS(G22) < 0.01,"TAK","NIE") -> NIE | K22: nan | L22: #NAME? | M22: nan | N22: 1 | O22: 43 | P22: =IF(ABS(M22) < 0.01,"TAK","NIE") -> #VALUE! | Q22: 1.74672 | R22: -0.855159 | S22: 0.298974 | T22: 1 | U22: 94 | V22: 94 | W22: =IF(ABS(S22) < 0.01,"TAK","NIE") -> NIE
B23: 21 | C23: 0.153552 | D23: 1.953646 | E23: -0.004419 | F23: 0.010667 | G23: 0.000106 | H23: 1 | I23: 61 | J23: =IF(ABS(G23) < 0.01,"TAK","NIE") -> TAK | K23: -0.000118 | L23: 0.00129 | M23: 2e-06 | N23: 1 | O23: 64 | P23: =IF(ABS(M23) < 0.01,"TAK","NIE") -> TAK | Q23: 0.001399 | R23: 0.018374 | S23: 0.000367 | T23: 1 | U23: 91 | V23: 91 | W23: =IF(ABS(S23) < 0.01,"TAK","NIE") -> TAK
B24: 22 | C24: 1.645366 | D24: 1.836772 | E24: 1.746713 | F24: -0.865196 | G24: 0.298709 | H24: 1 | I24: 59 | J24: =IF(ABS(G24) < 0.01,"TAK","NIE") -> NIE | K24: nan | L24: #NAME? | M24: nan | N24: 1 | O24: 46 | P24: =IF(ABS(M24) < 0.01,"TAK","NIE") -> #VALUE! | Q24: 1.747033 | R24: -0.855152 | S24: 0.298977 | T24: 1 | U24: 97 | V24: 97 | W24: =IF(ABS(S24) < 0.01,"TAK","NIE") -> NIE
B25: 23 | C25: 0.115956 | D25: 0.094619 | E25: -0.002205 | F25: 0.009556 | G25: 8e-05 | H25: 1 | I25: 18 | J25: =IF(ABS(G25) < 0.01,"TAK","NIE") -> TAK | K25: -0.000849 | L25: 0.000667 | M25: 1e-06 | N25: 1 | O25: 40 | P25: =IF(ABS(M25) < 0.01,"TAK","NIE") -> TAK | Q25: 0.013914 | R25: 0.011673 | S25: 0.000686 | T25: 1 | U25: 41 | V25: 41 | W25: =IF(ABS(S25) < 0.01,"TAK","NIE") -> TAK
B26: 24 | C26: 1.623803 | D26: 0.270058 | E26: 1.746692 | F26: -0.864986 | G26: 0.298713 | H26: 1 | I26: 49 | J26: =IF(ABS(G26) < 0.01,"TAK","NIE") -> NIE | K26: 1.747265 | L26: -0.871923 | M26: 0.298642 | N26: 1 | O26: 55 | P26: =IF(ABS(M26) < 0.01,"TAK","NIE") -> NIE | Q26: 1.746147 | R26: -0.855205 | S26: 0.298969 | T26: 1 | U26: 80 | V26: 80 | W26: =IF(ABS(S26) < 0.01,"TAK","NIE") -> NIE
B27: 25 | C27: 1.040054 | D27: 1.531932 | E27: -0.004334 | F27: 0.010481 | G27: 0.000102 | H27: 1 | I27: 51 | J27: =IF(ABS(G27) < 0.01,"TAK","NIE") -> TAK | K27: -0.001374 | L27: 0.002297 | M27: 6e-06 | N27: 1 | O27: 52 | P27: =IF(ABS(M27) < 0.01,"TAK","NIE") -> TAK | Q27: 1.070273 | R27: -0.516824 | S27: 0.877697 | T27: 1 | U27: 92 | V27: 92 | W27: =IF(ABS(S27) < 0.01,"TAK","NIE") -> NIE
B28: 26 | C28: 0.454813 | D28: 1.360636 | E28: -0.004378 | F28: 0.01057 | G28: 0.000104 | H28: 1 | I28: 55 | J28: =IF(ABS(G28) < 0.01,"TAK","NIE") -> TAK | K28: -1.1e-05 | L28: 0.001537 | M28: 2e-06 | N28: 1 | O28: 61 | P28: =IF(ABS(M28) < 0.01,"TAK","NIE") -> TAK | Q28: 0.004293 | R28: 0.018147 | S28: 0.000444 | T28: 1 | U28: 85 | V28: 85 | W28: =IF(ABS(S28) < 0.01,"TAK","NIE") -> TAK
B29: 27 | C29: 0.449387 | D29: 1.11088 | E29: -0.004401 | F29: 0.010629 | G29: 0.000105 | H29: 1 | I29: 52 | J29: =IF(ABS(G29) < 0.01,"TAK","NIE") -> TAK | K29: -1e-06 | L29: 0.001289 | M29: 2e-06 | N29: 1 | O29: 61 | P29: =IF(ABS(M29) < 0.01,"TAK","NIE") -> TAK | Q29: 0.004991 | R29: 0.017412 | S29: 0.00044 | T29: 1 | U29: 82 | V29: 82 | W29: =IF(ABS(S29) < 0.01,"TAK","NIE") -> TAK
B30: 28 | C30: 1.582503 | D30: 0.181093 | E30: 1.746668 | F30: -0.864739 | G30: 0.298717 | H30: 1 | I30: 48 | J30: =IF(ABS(G30) < 0.01,"TAK","NIE") -> NIE | K30: 1.747339 | L30: -0.872071 | M30: 0.298641 | N30: 1 | O30: 55 | P30: =IF(ABS(M30) < 0.01,"TAK","NIE") -> NIE | Q30: 1.745751 | R30: -0.855082 | S30: 0.298974 | T30: 1 | U30: 78 | V30: 78 | W30: =IF(ABS(S30) < 0.01,"TAK","NIE") -> NIE
B31: 29 | C31: 0.825288 | D31: 1.830612 | E31: -0.004111 | F31: 0.009926 | G31: 9.2e-05 | H31: 1 | I31: 58 | J31: =IF(ABS(G31) < 0.01,"TAK","NIE") -> TAK | K31: -3.2e-05 | L31: 0.001333 | M31: 2e-06 | N31: 1 | O31: 64 | P31: =IF(ABS(M31) < 0.01,"TAK","NIE") -> TAK | Q31: 1.068885 | R31: -0.516375 | S31: 0.877682 | T31: 1 | U31: 94 | V31: 94 | W31: =IF(ABS(S31) < 0.01,"TAK","NIE") -> NIE
B32: 30 | C32: 1.14556 | D32: 1.142695 | E32: -0.000868 | F32: 0.008367 | G32: 6.4e-05 | H32: 1 | I32: 30 | J32: =IF(ABS(G32) < 0.01,"TAK","NIE") -> TAK | K32: 0.0006 | L32: 1.6e-05 | M32: 1e-06 | N32: 1 | O32: 73 | P32: =IF(ABS(M32) < 0.01,"TAK","NIE") -> TAK | Q32: 1.071373 | R32: -0.516891 | S32: 0.877713 | T32: 1 | U32: 88 | V32: 88 | W32: =IF(ABS(S32) < 0.01,"TAK","NIE") -> NIE
B33: 31 | C33: 0.492431 | D33: 0.176679 | E33: 0.004691 | F33: -0.006127 | G33: 5.3e-05 | H33: 1 | I33: 23 | J33: =IF(ABS(G33) < 0.01,"TAK","NIE") -> TAK | K33: -0.000101 | L33: -0.001212 | M33: 2e-06 | N33: 1 | O33: 46 | P33: =IF(ABS(M33) < 0.01,"TAK","NIE") -> TAK | Q33: 0.014848 | R33: 0.011085 | S33: 0.000728 | T33: 1 | U33: 61 | V33: 61 | W33: =IF(ABS(S33) < 0.01,"TAK","NIE") -> TAK
B34: 32 | C34: 0.169951 | D34: 0.95218 | E34: -0.004259 | F34: 0.010284 | G34: 9.8e-05 | H34: 1 | I34: 52 | J34: =IF(ABS(G34) < 0.01,"TAK","NIE") -> TAK | K34: -8.6e-05 | L34: 0.001652 | M34: 3e-06 | N34: 1 | O34: 58 | P34: =IF(ABS(M34) < 0.01,"TAK","NIE") -> TAK | Q34: 0.003152 | R34: 0.018402 | S34: 0.000417 | T34: 1 | U34: 77 | V34: 77 | W34: =IF(ABS(S34) < 0.01,"TAK","NIE") -> TAK
B35: 33 | C35: 0.025183 | D35: 0.522077 | E35: -0.004399 | F35: 0.010627 | G35: 0.000105 | H35: 1 | I35: 45 | J35: =IF(ABS(G35) < 0.01,"TAK","NIE") -> TAK | K35: -0.000161 | L35: 0.001391 | M35: 2e-06 | N35: 1 | O35: 55 | P35: =IF(ABS(M35) < 0.01,"TAK","NIE") -> TAK | Q35: 0.000897 | R35: 0.018611 | S35: 0.000365 | T35: 1 | U35: 65 | V35: 65 | W35: =IF(ABS(S35) < 0.01,"TAK","NIE") -> TAK
B36: 34 | C36: 0.214584 | D36: 0.825378 | E36: -0.004186 | F36: 0.010109 | G36: 9.5e-05 | H36: 1 | I36: 50 | J36: =IF(ABS(G36) < 0.01,"TAK","NIE") -> TAK | K36: -1.4e-05 | L36: 0.001445 | M36: 2e-06 | N36: 1 | O36: 58 | P36: =IF(ABS(M36) < 0.01,"TAK","NIE") -> TAK | Q36: 0.004309 | R36: 0.017752 | S36: 0.000429 | T36: 1 | U36: 75 | V36: 75 | W36: =IF(ABS(S36) < 0.01,"TAK","NIE") -> TAK
B37: 35 | C37: 1.240483 | D37: 1.142715 | E37: 0.004389 | F37: -0.010083 | G37: 9.6e-05 | H37: 1 | I37: 43 | J37: =IF(ABS(G37) < 0.01,"TAK","NIE") -> TAK | K37: nan | L37: inf | M37: nan | N37: 1 | O37: 73 | P37: =IF(ABS(M37) < 0.01,"TAK","NIE") -> #VALUE! | Q37: 1.072387 | R37: -0.516877 | S37: 0.877727 | T37: 1 | U37: 88 | V37: 88 | W37: =IF(ABS(S37) < 0.01,"TAK","NIE") -> NIE
B38: 36 | C38: 1.223436 | D38: 0.453098 | E38: 0.004383 | F38: -0.010568 | G38: 0.000104 | H38: 1 | I38: 71 | J38: =IF(ABS(G38) < 0.01,"TAK","NIE") -> TAK | K38: nan | L38: nan | M38: nan | N38: 1 | O38: 46 | P38: =IF(ABS(M38) < 0.01,"TAK","NIE") -> #VALUE! | Q38: 1.073332 | R38: -0.51718 | S38: 0.877724 | T38: 1 | U38: 78 | V38: 78 | W38: =IF(ABS(S38) < 0.01,"TAK","NIE") -> NIE
B39: 37 | C39: 0.771659 | D39: 0.660272 | E39: -0.00407 | F39: 0.010267 | G39: 9.7e-05 | H39: 1 | I39: 36 | J39: =IF(ABS(G39) < 0.01,"TAK","NIE") -> TAK | K39: -0.000915 | L39: 0.000709 | M39: 2e-06 | N39: 1 | O39: 49 | P39: =IF(ABS(M39) < 0.01,"TAK","NIE") -> TAK | Q39: 1.066858 | R39: -0.517016 | S39: 0.877601 | T39: 1 | U39: 81 | V39: 81 | W39: =IF(ABS(S39) < 0.01,"TAK","NIE") -> NIE
B40: 38 | C40: 0.147155 | D40: 1.677727 | E40: -0.004431 | F40: 0.010697 | G40: 0.000106 | H40: 1 | I40: 59 | J40: =IF(ABS(G40) < 0.01,"TAK","NIE") -> TAK | K40: -0.00016 | L40: 0.00181 | M40: 3e-06 | N40: 1 | O40: 61 | P40: =IF(ABS(M40) < 0.01,"TAK","NIE") -> TAK | Q40: 0.001567 | R40: 0.018405 | S40: 0.000372 | T40: 1 | U40: 88 | V40: 88 | W40: =IF(ABS(S40) < 0.01,"TAK","NIE") -> TAK
B41: 39 | C41: 0.537815 | D41: 1.210837 | E41: -0.004288 | F41: 0.010355 | G41: 0.0001 | H41: 1 | I41: 53 | J41: =IF(ABS(G41) < 0.01,"TAK","NIE") -> TAK | K41: 2.9e-05 | L41: 0.001399 | M41: 2e-06 | N41: 1 | O41: 61 | P41: =IF(ABS(M41) < 0.01,"TAK","NIE") -> TAK | Q41: 0.003809 | R41: 0.018001 | S41: 0.000422 | T41: 1 | U41: 84 | V41: 84 | W41: =IF(ABS(S41) < 0.01,"TAK","NIE") -> TAK
B42: 40 | C42: 1.502023 | D42: 0.956351 | E42: 1.746662 | F42: -0.864682 | G42: 0.298718 | H42: 1 | I42: 54 | J42: =IF(ABS(G42) < 0.01,"TAK","NIE") -> NIE | K42: 1.747379 | L42: -0.872185 | M42: 0.298641 | N42: 1 | O42: 58 | P42: =IF(ABS(M42) < 0.01,"TAK","NIE") -> NIE | Q42: 1.746646 | R42: -0.855552 | S42: 0.298959 | T42: 1 | U42: 89 | V42: 89 | W42: =IF(ABS(S42) < 0.01,"TAK","NIE") -> NIE
B43: 41 | C43: 0.338821 | D43: 1.913483 | E43: -0.004109 | F43: 0.009918 | G43: 9.1e-05 | H43: 1 | I43: 61 | J43: =IF(ABS(G43) < 0.01,"TAK","NIE") -> TAK | K43: -7.8e-05 | L43: 0.001294 | M43: 2e-06 | N43: 1 | O43: 64 | P43: =IF(ABS(M43) < 0.01,"TAK","NIE") -> TAK | Q43: 0.002719 | R43: 0.018207 | S43: 0.000396 | T43: 1 | U43: 91 | V43: 91 | W43: =IF(ABS(S43) < 0.01,"TAK","NIE") -> TAK
B44: 42 | C44: 0.964769 | D44: 0.686713 | E44: 0.002352 | F44: 0.001611 | G44: 1.7e-05 | H44: 1 | I44: 27 | J44: =IF(ABS(G44) < 0.01,"TAK","NIE") -> TAK | K44: -0.00035 | L44: -0.000745 | M44: 1e-06 | N44: 1 | O44: 52 | P44: =IF(ABS(M44) < 0.01,"TAK","NIE") -> TAK | Q44: 1.069043 | R44: -0.517096 | S44: 0.87766 | T44: 1 | U44: 82 | V44: 82 | W44: =IF(ABS(S44) < 0.01,"TAK","NIE") -> NIE
B45: 43 | C45: 0.773752 | D45: 0.475982 | E45: 0.000726 | F45: 0.005086 | G45: 3.1e-05 | H45: 1 | I45: 25 | J45: =IF(ABS(G45) < 0.01,"TAK","NIE") -> TAK | K45: -2.3e-05 | L45: -0.001371 | M45: 2e-06 | N45: 1 | O45: 49 | P45: =IF(ABS(M45) < 0.01,"TAK","NIE") -> TAK | Q45: 1.066263 | R45: -0.517341 | S45: 0.877571 | T45: 1 | U45: 78 | V45: 78 | W45: =IF(ABS(S45) < 0.01,"TAK","NIE") -> NIE
B46: 44 | C46: 0.844721 | D46: 0.739489 | E46: -0.004154 | F46: 0.01056 | G46: 0.000102 | H46: 1 | I46: 36 | J46: =IF(ABS(G46) < 0.01,"TAK","NIE") -> TAK | K46: 0.000659 | L46: 0.001086 | M46: 3e-06 | N46: 1 | O46: 34 | P46: =IF(ABS(M46) < 0.01,"TAK","NIE") -> TAK | Q46: 1.067656 | R46: -0.516511 | S46: 0.877643 | T46: 1 | U46: 82 | V46: 82 | W46: =IF(ABS(S46) < 0.01,"TAK","NIE") -> NIE
B47: 45 | C47: 1.028093 | D47: 0.878022 | E47: -0.001381 | F47: 0.008636 | G47: 6.6e-05 | H47: 1 | I47: 29 | J47: =IF(ABS(G47) < 0.01,"TAK","NIE") -> TAK | K47: -0.000772 | L47: -0.000226 | M47: 1e-06 | N47: 1 | O47: 52 | P47: =IF(ABS(M47) < 0.01,"TAK","NIE") -> TAK | Q47: 1.070008 | R47: -0.517214 | S47: 0.877677 | T47: 1 | U47: 85 | V47: 85 | W47: =IF(ABS(S47) < 0.01,"TAK","NIE") -> NIE
B48: 46 | C48: 0.393979 | D48: 0.623483 | E48: -0.004194 | F48: 0.010153 | G48: 9.6e-05 | H48: 1 | I48: 44 | J48: =IF(ABS(G48) < 0.01,"TAK","NIE") -> TAK | K48: -8.2e-05 | L48: 0.001982 | M48: 4e-06 | N48: 1 | O48: 55 | P48: =IF(ABS(M48) < 0.01,"TAK","NIE") -> TAK | Q48: 0.007886 | R48: 0.016482 | S48: 0.000526 | T48: 1 | U48: 72 | V48: 72 | W48: =IF(ABS(S48) < 0.01,"TAK","NIE") -> TAK
B49: 47 | C49: 1.575465 | D49: 1.10236 | E49: 1.746702 | F49: -0.865085 | G49: 0.298711 | H49: 1 | I49: 55 | J49: =IF(ABS(G49) < 0.01,"TAK","NIE") -> NIE | K49: 1.747446 | L49: -0.872199 | M49: 0.298641 | N49: 1 | O49: 58 | P49: =IF(ABS(M49) < 0.01,"TAK","NIE") -> NIE | Q49: 1.746615 | R49: -0.855552 | S49: 0.298959 | T49: 1 | U49: 91 | V49: 91 | W49: =IF(ABS(S49) < 0.01,"TAK","NIE") -> NIE
B50: 48 | C50: 0.481824 | D50: 0.009235 | E50: 0.004365 | F50: -0.010302 | G50: 9.9e-05 | H50: 1 | I50: 35 | J50: =IF(ABS(G50) < 0.01,"TAK","NIE") -> TAK | K50: 0.000527 | L50: -0.002178 | M50: 4e-06 | N50: 1 | O50: 46 | P50: =IF(ABS(M50) < 0.01,"TAK","NIE") -> TAK | Q50: 0.018242 | R50: 0.00432 | S50: 0.000763 | T50: 1 | U50: 57 | V50: 57 | W50: =IF(ABS(S50) < 0.01,"TAK","NIE") -> TAK
... B53: 51 | C53: 1.54364 | D53: 0.963081 | E53: 1.746676 | F53: -0.864824 | G53: 0.298715 | H53: 1 | I53: 54 | J53: =IF(ABS(G53) < 0.01,"TAK","NIE") -> NIE | K53: 1.747374 | L53: -0.87206 | M53: 0.298641 | N53: 1 | O53: 58 | P53: =IF(ABS(M53) < 0.01,"TAK","NIE") -> NIE | Q53: 1.746464 | R53: -0.855174 | S53: 0.298971 | T53: 1 | U53: 89 | V53: 89 | W53: =IF(ABS(S53) < 0.01,"TAK","NIE") -> NIE
B54: 52 | C54: 1.443399 | D54: 1.685545 | E54: 0.004165 | F54: -0.01003 | G54: 9.4e-05 | H54: 1 | I54: 65 | J54: =IF(ABS(G54) < 0.01,"TAK","NIE") -> TAK | K54: nan | L54: #NAME? | M54: nan | N54: 1 | O54: 46 | P54: =IF(ABS(M54) < 0.01,"TAK","NIE") -> #VALUE! | Q54: 1.072836 | R54: -0.51703 | S54: 0.877726 | T54: 1 | U54: 94 | V54: 94 | W54: =IF(ABS(S54) < 0.01,"TAK","NIE") -> NIE
B55: 53 | C55: 0.000724 | D55: 1.457938 | E55: -0.004341 | F55: 0.01048 | G55: 0.000102 | H55: 1 | I55: 58 | J55: =IF(ABS(G55) < 0.01,"TAK","NIE") -> TAK | K55: -0.000471 | L55: 0.001839 | M55: 3e-06 | N55: 1 | O55: 61 | P55: =IF(ABS(M55) < 0.01,"TAK","NIE") -> TAK | Q55: 9e-06 | R55: 0.018631 | S55: 0.000347 | T55: 1 | U55: 85 | V55: 85 | W55: =IF(ABS(S55) < 0.01,"TAK","NIE") -> TAK
B56: 54 | C56: 0.540773 | D56: 0.673602 | E56: -0.00425 | F56: 0.010309 | G56: 9.9e-05 | H56: 1 | I56: 43 | J56: =IF(ABS(G56) < 0.01,"TAK","NIE") -> TAK | K56: -0.001247 | L56: 0.003393 | M56: 1e-05 | N56: 1 | O56: 49 | P56: =IF(ABS(M56) < 0.01,"TAK","NIE") -> TAK | Q56: 0.005636 | R56: 0.01733 | S56: 0.000462 | T56: 1 | U56: 75 | V56: 75 | W56: =IF(ABS(S56) < 0.01,"TAK","NIE") -> TAK
B57: 55 | C57: 1.361265 | D57: 1.247986 | E57: 0.004117 | F57: -0.009924 | G57: 9.2e-05 | H57: 1 | I57: 69 | J57: =IF(ABS(G57) < 0.01,"TAK","NIE") -> TAK | K57: nan | L57: #NAME? | M57: nan | N57: 1 | O57: 46 | P57: =IF(ABS(M57) < 0.01,"TAK","NIE") -> #VALUE! | Q57: 1.073254 | R57: -0.516552 | S57: 0.877748 | T57: 1 | U57: 89 | V57: 89 | W57: =IF(ABS(S57) < 0.01,"TAK","NIE") -> NIE
B58: 56 | C58: 0.557242 | D58: 1.381157 | E58: -0.004244 | F58: 0.010248 | G58: 9.8e-05 | H58: 1 | I58: 55 | J58: =IF(ABS(G58) < 0.01,"TAK","NIE") -> TAK | K58: 3.1e-05 | L58: 0.001568 | M58: 3e-06 | N58: 1 | O58: 61 | P58: =IF(ABS(M58) < 0.01,"TAK","NIE") -> TAK | Q58: -0.003136 | R58: 0.017981 | S58: 0.000287 | T58: 1 | U58: 90 | V58: 90 | W58: =IF(ABS(S58) < 0.01,"TAK","NIE") -> TAK
B59: 57 | C59: 1.110337 | D59: 1.344474 | E59: -0.00433 | F59: 0.0106 | G59: 0.000104 | H59: 1 | I59: 44 | J59: =IF(ABS(G59) < 0.01,"TAK","NIE") -> TAK | K59: -8.1e-05 | L59: -0.001965 | M59: 4e-06 | N59: 1 | O59: 52 | P59: =IF(ABS(M59) < 0.01,"TAK","NIE") -> TAK | Q59: 1.070939 | R59: -0.516685 | S59: 0.877714 | T59: 1 | U59: 90 | V59: 90 | W59: =IF(ABS(S59) < 0.01,"TAK","NIE") -> NIE
B60: 58 | C60: 0.75705 | D60: 1.481647 | E60: -0.004123 | F60: 0.009955 | G60: 9.2e-05 | H60: 1 | I60: 55 | J60: =IF(ABS(G60) < 0.01,"TAK","NIE") -> TAK | K60: -2.4e-05 | L60: 0.001103 | M60: 1e-06 | N60: 1 | O60: 64 | P60: =IF(ABS(M60) < 0.01,"TAK","NIE") -> TAK | Q60: 1.068276 | R60: -0.516663 | S60: 0.877656 | T60: 1 | U60: 91 | V60: 91 | W60: =IF(ABS(S60) < 0.01,"TAK","NIE") -> NIE
B61: 59 | C61: 1.976654 | D61: 1.102639 | E61: 1.746649 | F61: -0.864542 | G61: 0.29872 | H61: 1 | I61: 54 | J61: =IF(ABS(G61) < 0.01,"TAK","NIE") -> NIE | K61: 1.747095 | L61: -0.870857 | M61: 0.298647 | N61: 1 | O61: 34 | P61: =IF(ABS(M61) < 0.01,"TAK","NIE") -> NIE | Q61: 1.751361 | R61: -0.856038 | S61: 0.299109 | T61: 1 | U61: 91 | V61: 91 | W61: =IF(ABS(S61) < 0.01,"TAK","NIE") -> NIE
B62: 60 | C62: 1.611457 | D62: 1.582543 | E62: 1.746654 | F62: -0.864602 | G62: 0.298719 | H62: 1 | I62: 57 | J62: =IF(ABS(G62) < 0.01,"TAK","NIE") -> NIE | K62: nan | L62: nan | M62: nan | N62: 1 | O62: 70 | P62: =IF(ABS(M62) < 0.01,"TAK","NIE") -> #VALUE! | Q62: 1.746867 | R62: -0.85516 | S62: 0.298975 | T62: 1 | U62: 95 | V62: 95 | W62: =IF(ABS(S62) < 0.01,"TAK","NIE") -> NIE
B63: 61 | C63: 0.33119 | D63: 0.320049 | E63: -0.004292 | F63: 0.010764 | G63: 0.000107 | H63: 1 | I63: 32 | J63: =IF(ABS(G63) < 0.01,"TAK","NIE") -> TAK | K63: -0.001059 | L63: 0.001775 | M63: 4e-06 | N63: 1 | O63: 46 | P63: =IF(ABS(M63) < 0.01,"TAK","NIE") -> TAK | Q63: 0.011854 | R63: 0.014265 | S63: 0.000654 | T63: 1 | U63: 62 | V63: 62 | W63: =IF(ABS(S63) < 0.01,"TAK","NIE") -> TAK
B64: 62 | C64: 1.117941 | D64: 0.463531 | E64: 0.004431 | F64: -0.010639 | G64: 0.000105 | H64: 1 | I64: 51 | J64: =IF(ABS(G64) < 0.01,"TAK","NIE") -> TAK | K64: nan | L64: nan | M64: nan | N64: 1 | O64: 46 | P64: =IF(ABS(M64) < 0.01,"TAK","NIE") -> #VALUE! | Q64: 1.071418 | R64: -0.516998 | S64: 0.87771 | T64: 1 | U64: 78 | V64: 78 | W64: =IF(ABS(S64) < 0.01,"TAK","NIE") -> NIE
B65: 63 | C65: 1.11789 | D65: 1.959459 | E65: -0.004403 | F65: 0.010638 | G65: 0.000105 | H65: 1 | I65: 55 | J65: =IF(ABS(G65) < 0.01,"TAK","NIE") -> TAK | K65: -0.001104 | L65: 0.003289 | M65: 1e-05 | N65: 1 | O65: 55 | P65: =IF(ABS(M65) < 0.01,"TAK","NIE") -> TAK | Q65: 1.07089 | R65: -0.517139 | S65: 0.877696 | T65: 1 | U65: 96 | V65: 96 | W65: =IF(ABS(S65) < 0.01,"TAK","NIE") -> NIE
B66: 64 | C66: 0.041554 | D66: 0.459263 | E66: -0.004125 | F66: 0.009968 | G66: 9.2e-05 | H66: 1 | I66: 44 | J66: =IF(ABS(G66) < 0.01,"TAK","NIE") -> TAK | K66: -9.2e-05 | L66: 0.001211 | M66: 1e-06 | N66: 1 | O66: 55 | P66: =IF(ABS(M66) < 0.01,"TAK","NIE") -> TAK | Q66: 0.001638 | R66: 0.018142 | S66: 0.000364 | T66: 1 | U66: 63 | V66: 63 | W66: =IF(ABS(S66) < 0.01,"TAK","NIE") -> TAK
B67: 65 | C67: 0.849917 | D67: 0.741743 | E67: -0.004085 | F67: 0.010401 | G67: 9.9e-05 | H67: 1 | I67: 36 | J67: =IF(ABS(G67) < 0.01,"TAK","NIE") -> TAK | K67: 0.001393 | L67: -0.000707 | M67: 3e-06 | N67: 1 | O67: 34 | P67: =IF(ABS(M67) < 0.01,"TAK","NIE") -> TAK | Q67: 1.067849 | R67: -0.517404 | S67: 0.877619 | T67: 1 | U67: 83 | V67: 83 | W67: =IF(ABS(S67) < 0.01,"TAK","NIE") -> NIE
B68: 66 | C68: 1.654213 | D68: 0.833325 | E68: 1.746684 | F68: -0.864902 | G68: 0.298714 | H68: 1 | I68: 53 | J68: =IF(ABS(G68) < 0.01,"TAK","NIE") -> NIE | K68: 1.747371 | L68: -0.872125 | M68: 0.298641 | N68: 1 | O68: 58 | P68: =IF(ABS(M68) < 0.01,"TAK","NIE") -> NIE | Q68: 1.746777 | R68: -0.855196 | S68: 0.298973 | T68: 1 | U68: 88 | V68: 88 | W68: =IF(ABS(S68) < 0.01,"TAK","NIE") -> NIE
B69: 67 | C69: 0.728561 | D69: 1.128397 | E69: -0.004292 | F69: 0.010374 | G69: 0.0001 | H69: 1 | I69: 50 | J69: =IF(ABS(G69) < 0.01,"TAK","NIE") -> TAK | K69: 6.2e-05 | L69: 0.001338 | M69: 2e-06 | N69: 1 | O69: 61 | P69: =IF(ABS(M69) < 0.01,"TAK","NIE") -> TAK | Q69: 1.06763 | R69: -0.516599 | S69: 0.877639 | T69: 1 | U69: 87 | V69: 87 | W69: =IF(ABS(S69) < 0.01,"TAK","NIE") -> NIE
B70: 68 | C70: 0.348771 | D70: 0.966578 | E70: -0.004279 | F70: 0.010334 | G70: 9.9e-05 | H70: 1 | I70: 51 | J70: =IF(ABS(G70) < 0.01,"TAK","NIE") -> TAK | K70: -3.8e-05 | L70: 0.001134 | M70: 1e-06 | N70: 1 | O70: 61 | P70: =IF(ABS(M70) < 0.01,"TAK","NIE") -> TAK | Q70: 0.005398 | R70: 0.01818 | S70: 0.000487 | T70: 1 | U70: 78 | V70: 78 | W70: =IF(ABS(S70) < 0.01,"TAK","NIE") -> TAK
B71: 69 | C71: 0.452565 | D71: 0.975463 | E71: -0.004404 | F71: 0.010638 | G71: 0.000105 | H71: 1 | I71: 50 | J71: =IF(ABS(G71) < 0.01,"TAK","NIE") -> TAK | K71: 1.6e-05 | L71: 0.001149 | M71: 1e-06 | N71: 1 | O71: 61 | P71: =IF(ABS(M71) < 0.01,"TAK","NIE") -> TAK | Q71: 0.005833 | R71: 0.017975 | S71: 0.000496 | T71: 1 | U71: 79 | V71: 79 | W71: =IF(ABS(S71) < 0.01,"TAK","NIE") -> TAK
B72: 70 | C72: 1.721721 | D72: 0.943728 | E72: 1.746633 | F72: -0.864381 | G72: 0.298723 | H72: 1 | I72: 53 | J72: =IF(ABS(G72) < 0.01,"TAK","NIE") -> NIE | K72: 1.747411 | L72: -0.872148 | M72: 0.298641 | N72: 1 | O72: 58 | P72: =IF(ABS(M72) < 0.01,"TAK","NIE") -> NIE | Q72: 1.747303 | R72: -0.854868 | S72: 0.298992 | T72: 1 | U72: 89 | V72: 89 | W72: =IF(ABS(S72) < 0.01,"TAK","NIE") -> NIE
B73: 71 | C73: 1.130236 | D73: 1.431152 | E73: -0.00412 | F73: 0.01004 | G73: 9.3e-05 | H73: 1 | I73: 46 | J73: =IF(ABS(G73) < 0.01,"TAK","NIE") -> TAK | K73: -0.000121 | L73: -0.002013 | M73: 4e-06 | N73: 1 | O73: 52 | P73: =IF(ABS(M73) < 0.01,"TAK","NIE") -> TAK | Q73: 1.071109 | R73: -0.516802 | S73: 0.877713 | T73: 1 | U73: 91 | V73: 91 | W73: =IF(ABS(S73) < 0.01,"TAK","NIE") -> NIE
B74: 72 | C74: 0.004497 | D74: 0.771 | E74: -0.004388 | F74: 0.010594 | G74: 0.000104 | H74: 1 | I74: 50 | J74: =IF(ABS(G74) < 0.01,"TAK","NIE") -> TAK | K74: -0.000299 | L74: 0.002066 | M74: 4e-06 | N74: 1 | O74: 55 | P74: =IF(ABS(M74) < 0.01,"TAK","NIE") -> TAK | Q74: 0.000106 | R74: 0.018234 | S74: 0.000334 | T74: 1 | U74: 73 | V74: 73 | W74: =IF(ABS(S74) < 0.01,"TAK","NIE") -> TAK
B75: 73 | C75: 1.575998 | D75: 0.377731 | E75: 1.74669 | F75: -0.86496 | G75: 0.298713 | H75: 1 | I75: 50 | J75: =IF(ABS(G75) < 0.01,"TAK","NIE") -> NIE | K75: 1.747233 | L75: -0.871759 | M75: 0.298642 | N75: 1 | O75: 55 | P75: =IF(ABS(M75) < 0.01,"TAK","NIE") -> NIE | Q75: 1.746064 | R75: -0.855657 | S75: 0.298953 | T75: 1 | U75: 82 | V75: 82 | W75: =IF(ABS(S75) < 0.01,"TAK","NIE") -> NIE
B76: 74 | C76: 0.925427 | D76: 1.856715 | E76: -0.004243 | F76: 0.010245 | G76: 9.8e-05 | H76: 1 | I76: 57 | J76: =IF(ABS(G76) < 0.01,"TAK","NIE") -> TAK | K76: 2e-06 | L76: 0.001322 | M76: 2e-06 | N76: 1 | O76: 64 | P76: =IF(ABS(M76) < 0.01,"TAK","NIE") -> TAK | Q76: 1.069516 | R76: -0.517011 | S76: 0.877674 | T76: 1 | U76: 95 | V76: 95 | W76: =IF(ABS(S76) < 0.01,"TAK","NIE") -> NIE
B77: 75 | C77: 1.963784 | D77: 0.672936 | E77: 1.746705 | F77: -0.865112 | G77: 0.298711 | H77: 1 | I77: 52 | J77: =IF(ABS(G77) < 0.01,"TAK","NIE") -> NIE | K77: 1.747381 | L77: -0.871997 | M77: 0.298641 | N77: 1 | O77: 58 | P77: =IF(ABS(M77) < 0.01,"TAK","NIE") -> NIE | Q77: 1.752053 | R77: -0.855936 | S77: 0.299161 | T77: 1 | U77: 86 | V77: 86 | W77: =IF(ABS(S77) < 0.01,"TAK","NIE") -> NIE
B78: 76 | C78: 1.691206 | D78: 1.964549 | E78: 1.746665 | F78: -0.864714 | G78: 0.298717 | H78: 1 | I78: 59 | J78: =IF(ABS(G78) < 0.01,"TAK","NIE") -> NIE | K78: nan | L78: nan | M78: nan | N78: 1 | O78: 64 | P78: =IF(ABS(M78) < 0.01,"TAK","NIE") -> #VALUE! | Q78: 1.747239 | R78: -0.855184 | S78: 0.298979 | T78: 1 | U78: 98 | V78: 98 | W78: =IF(ABS(S78) < 0.01,"TAK","NIE") -> NIE
B79: 77 | C79: 1.950932 | D79: 0.936726 | E79: 1.746646 | F79: -0.864512 | G79: 0.298721 | H79: 1 | I79: 53 | J79: =IF(ABS(G79) < 0.01,"TAK","NIE") -> NIE | K79: 1.747496 | L79: -0.872245 | M79: 0.298641 | N79: 1 | O79: 58 | P79: =IF(ABS(M79) < 0.01,"TAK","NIE") -> NIE | Q79: 1.751084 | R79: -0.855639 | S79: 0.299108 | T79: 1 | U79: 89 | V79: 89 | W79: =IF(ABS(S79) < 0.01,"TAK","NIE") -> NIE
B80: 78 | C80: 0.392488 | D80: 0.011048 | E80: 0.004302 | F80: -0.010009 | G80: 9.4e-05 | H80: 1 | I80: 32 | J80: =IF(ABS(G80) < 0.01,"TAK","NIE") -> TAK | K80: 0.000232 | L80: -0.002331 | M80: 5e-06 | N80: 1 | O80: 43 | P80: =IF(ABS(M80) < 0.01,"TAK","NIE") -> TAK | Q80: 0.017888 | R80: 0.002781 | S80: 0.000697 | T80: 1 | U80: 56 | V80: 56 | W80: =IF(ABS(S80) < 0.01,"TAK","NIE") -> TAK
B81: 79 | C81: 1.701012 | D81: 0.357142 | E81: 1.746637 | F81: -0.864426 | G81: 0.298722 | H81: 1 | I81: 49 | J81: =IF(ABS(G81) < 0.01,"TAK","NIE") -> NIE | K81: 1.747328 | L81: -0.871888 | M81: 0.298642 | N81: 1 | O81: 55 | P81: =IF(ABS(M81) < 0.01,"TAK","NIE") -> NIE | Q81: 1.746945 | R81: -0.855473 | S81: 0.298965 | T81: 1 | U81: 82 | V81: 82 | W81: =IF(ABS(S81) < 0.01,"TAK","NIE") -> NIE
B82: 80 | C82: 1.342385 | D82: 1.449348 | E82: 0.004174 | F82: -0.009931 | G82: 9.2e-05 | H82: 1 | I82: 51 | J82: =IF(ABS(G82) < 0.01,"TAK","NIE") -> TAK | K82: nan | L82: nan | M82: nan | N82: 1 | O82: 49 | P82: =IF(ABS(M82) < 0.01,"TAK","NIE") -> #VALUE! | Q82: 1.072884 | R82: -0.516522 | S82: 0.877746 | T82: 1 | U82: 91 | V82: 91 | W82: =IF(ABS(S82) < 0.01,"TAK","NIE") -> NIE
B83: 81 | C83: 1.814598 | D83: 1.361689 | E83: 1.746704 | F83: -0.86511 | G83: 0.298711 | H83: 1 | I83: 56 | J83: =IF(ABS(G83) < 0.01,"TAK","NIE") -> NIE | K83: 1.747632 | L83: -0.87568 | M83: 0.298642 | N83: 1 | O83: 67 | P83: =IF(ABS(M83) < 0.01,"TAK","NIE") -> NIE | Q83: 1.748234 | R83: -0.85488 | S83: 0.299011 | T83: 1 | U83: 93 | V83: 93 | W83: =IF(ABS(S83) < 0.01,"TAK","NIE") -> NIE
B84: 82 | C84: 1.44264 | D84: 1.465608 | E84: 1.74666 | F84: -0.864657 | G84: 0.298718 | H84: 1 | I84: 60 | J84: =IF(ABS(G84) < 0.01,"TAK","NIE") -> NIE | K84: nan | L84: nan | M84: nan | N84: 1 | O84: 49 | P84: =IF(ABS(M84) < 0.01,"TAK","NIE") -> #VALUE! | Q84: 1.073085 | R84: -0.517026 | S84: 0.877728 | T84: 1 | U84: 92 | V84: 92 | W84: =IF(ABS(S84) < 0.01,"TAK","NIE") -> NIE
B85: 83 | C85: 1.555304 | D85: 1.452644 | E85: 1.746691 | F85: -0.864972 | G85: 0.298713 | H85: 1 | I85: 57 | J85: =IF(ABS(G85) < 0.01,"TAK","NIE") -> NIE | K85: 1.747734 | L85: -0.876076 | M85: 0.298644 | N85: 1 | O85: 64 | P85: =IF(ABS(M85) < 0.01,"TAK","NIE") -> NIE | Q85: 1.746721 | R85: -0.855397 | S85: 0.298965 | T85: 1 | U85: 94 | V85: 94 | W85: =IF(ABS(S85) < 0.01,"TAK","NIE") -> NIE
B86: 84 | C86: 1.556769 | D86: 0.924248 | E86: 1.746701 | F86: -0.865077 | G86: 0.298711 | H86: 1 | I86: 54 | J86: =IF(ABS(G86) < 0.01,"TAK","NIE") -> NIE | K86: 1.747374 | L86: -0.872083 | M86: 0.298641 | N86: 1 | O86: 58 | P86: =IF(ABS(M86) < 0.01,"TAK","NIE") -> NIE | Q86: 1.746479 | R86: -0.855517 | S86: 0.298959 | T86: 1 | U86: 89 | V86: 89 | W86: =IF(ABS(S86) < 0.01,"TAK","NIE") -> NIE
B87: 85 | C87: 0.406905 | D87: 0.335199 | E87: -0.003982 | F87: 0.010238 | G87: 9.6e-05 | H87: 1 | I87: 31 | J87: =IF(ABS(G87) < 0.01,"TAK","NIE") -> TAK | K87: -0.001093 | L87: 0.001455 | M87: 3e-06 | N87: 1 | O87: 46 | P87: =IF(ABS(M87) < 0.01,"TAK","NIE") -> TAK | Q87: 0.012081 | R87: 0.014172 | S87: 0.000664 | T87: 1 | U87: 64 | V87: 64 | W87: =IF(ABS(S87) < 0.01,"TAK","NIE") -> TAK
B88: 86 | C88: 0.054791 | D88: 0.762016 | E88: -0.004214 | F88: 0.010174 | G88: 9.6e-05 | H88: 1 | I88: 50 | J88: =IF(ABS(G88) < 0.01,"TAK","NIE") -> TAK | K88: -0.000249 | L88: 0.001405 | M88: 2e-06 | N88: 1 | O88: 58 | P88: =IF(ABS(M88) < 0.01,"TAK","NIE") -> TAK | Q88: 0.001291 | R88: 0.018024 | S88: 0.000351 | T88: 1 | U88: 73 | V88: 73 | W88: =IF(ABS(S88) < 0.01,"TAK","NIE") -> TAK
B89: 87 | C89: 0.715267 | D89: 0.068711 | E89: 0.00441 | F89: -0.010507 | G89: 0.000103 | H89: 1 | I89: 40 | J89: =IF(ABS(G89) < 0.01,"TAK","NIE") -> TAK | K89: -0.00065 | L89: -0.000985 | M89: 2e-06 | N89: 1 | O89: 46 | P89: =IF(ABS(M89) < 0.01,"TAK","NIE") -> TAK | Q89: 1.062676 | R89: -0.518307 | S89: 0.877396 | T89: 1 | U89: 68 | V89: 68 | W89: =IF(ABS(S89) < 0.01,"TAK","NIE") -> NIE
B90: 88 | C90: 0.506404 | D90: 0.29334 | E90: -0.000968 | F90: 0.00801 | G90: 5.8e-05 | H90: 1 | I90: 23 | J90: =IF(ABS(G90) < 0.01,"TAK","NIE") -> TAK | K90: -0.000817 | L90: 0.000538 | M90: 1e-06 | N90: 1 | O90: 46 | P90: =IF(ABS(M90) < 0.01,"TAK","NIE") -> TAK | Q90: 0.012626 | R90: 0.014196 | S90: 0.0007 | T90: 1 | U90: 64 | V90: 64 | W90: =IF(ABS(S90) < 0.01,"TAK","NIE") -> TAK
B91: 89 | C91: 1.342877 | D91: 0.129878 | E91: 1.746677 | F91: -0.864832 | G91: 0.298715 | H91: 1 | I91: 49 | J91: =IF(ABS(G91) < 0.01,"TAK","NIE") -> NIE | K91: 1.747322 | L91: -0.871843 | M91: 0.298642 | N91: 1 | O91: 52 | P91: =IF(ABS(M91) < 0.01,"TAK","NIE") -> NIE | Q91: 1.077074 | R91: -0.517539 | S91: 0.877709 | T91: 1 | U91: 71 | V91: 71 | W91: =IF(ABS(S91) < 0.01,"TAK","NIE") -> NIE
B92: 90 | C92: 1.950469 | D92: 1.075696 | E92: 1.746663 | F92: -0.864694 | G92: 0.298718 | H92: 1 | I92: 54 | J92: =IF(ABS(G92) < 0.01,"TAK","NIE") -> NIE | K92: 1.747352 | L92: -0.871532 | M92: 0.298643 | N92: 1 | O92: 43 | P92: =IF(ABS(M92) < 0.01,"TAK","NIE") -> NIE | Q92: 1.750898 | R92: -0.855169 | S92: 0.299115 | T92: 1 | U92: 90 | V92: 90 | W92: =IF(ABS(S92) < 0.01,"TAK","NIE") -> NIE
B93: 91 | C93: 0.914166 | D93: 1.753894 | E93: -0.004275 | F93: 0.010324 | G93: 9.9e-05 | H93: 1 | I93: 56 | J93: =IF(ABS(G93) < 0.01,"TAK","NIE") -> TAK | K93: 9e-06 | L93: 0.001249 | M93: 2e-06 | N93: 1 | O93: 64 | P93: =IF(ABS(M93) < 0.01,"TAK","NIE") -> TAK | Q93: 1.069389 | R93: -0.516887 | S93: 0.877676 | T93: 1 | U93: 94 | V93: 94 | W93: =IF(ABS(S93) < 0.01,"TAK","NIE") -> NIE
B94: 92 | C94: 0.746147 | D94: 1.738177 | E94: -0.004365 | F94: 0.010538 | G94: 0.000103 | H94: 1 | I94: 57 | J94: =IF(ABS(G94) < 0.01,"TAK","NIE") -> TAK | K94: -4.9e-05 | L94: 0.001282 | M94: 2e-06 | N94: 1 | O94: 64 | P94: =IF(ABS(M94) < 0.01,"TAK","NIE") -> TAK | Q94: 1.068562 | R94: -0.517277 | S94: 0.877642 | T94: 1 | U94: 94 | V94: 94 | W94: =IF(ABS(S94) < 0.01,"TAK","NIE") -> NIE
B95: 93 | C95: 0.219277 | D95: 1.60449 | E95: -0.004133 | F95: 0.009976 | G95: 9.2e-05 | H95: 1 | I95: 59 | J95: =IF(ABS(G95) < 0.01,"TAK","NIE") -> TAK | K95: -0.000127 | L95: 0.001748 | M95: 3e-06 | N95: 1 | O95: 61 | P95: =IF(ABS(M95) < 0.01,"TAK","NIE") -> TAK | Q95: 0.002373 | R95: 0.018583 | S95: 0.000401 | T95: 1 | U95: 87 | V95: 87 | W95: =IF(ABS(S95) < 0.01,"TAK","NIE") -> TAK
B96: 94 | C96: 0.01133 | D96: 1.282375 | E96: -0.004117 | F96: 0.009939 | G96: 9.2e-05 | H96: 1 | I96: 57 | J96: =IF(ABS(G96) < 0.01,"TAK","NIE") -> TAK | K96: -0.000386 | L96: 0.002288 | M96: 5e-06 | N96: 1 | O96: 58 | P96: =IF(ABS(M96) < 0.01,"TAK","NIE") -> TAK | Q96: 0.00016 | R96: 0.018158 | S96: 0.000333 | T96: 1 | U96: 83 | V96: 83 | W96: =IF(ABS(S96) < 0.01,"TAK","NIE") -> TAK
... B102: 100 | C102: 0.383155 | D102: 0.16636 | E102: 0.003152 | F102: 0.000535 | G102: 2.2e-05 | H102: 1 | I102: 20 | J102: =IF(ABS(G102) < 0.01,"TAK","NIE") -> TAK | K102: 0.001533 | L102: -0.002791 | M102: 8e-06 | N102: 1 | O102: 31 | P102: =IF(ABS(M102) < 0.01,"TAK","NIE") -> TAK | Q102: 0.015935 | R102: 0.010304 | S102: 0.000778 | T102: 1 | U102: 58 | V102: 58 | W102: =IF(ABS(S102) < 0.01,"TAK","NIE") -> TAK
C103: =AVERAGEIF($J3:$J102, "TAK", C3:C102) -> 0.61881463 | D103: =AVERAGEIF($J3:$J102, "TAK", D3:D102) -> 0.99973976 | E103: =AVERAGEIF($J3:$J102, "TAK", E3:E102) -> -0.0022352941 | F103: =AVERAGEIF($J3:$J102, "TAK", F3:F102) -> 0.0062816765 | G103: =AVERAGEIF($J3:$J102, "TAK", G3:G102) -> 9.2176471e-05 | H103: =AVERAGEIF($J3:$J102, "TAK", H3:H102) -> 1 | I103: =AVERAGEIF($J3:$J102, "TAK", I3:I102) -> 46.455882 | J103: =COUNTIF(J3:J102, "TAK") -> 68 | K103: =AVERAGEIF($P3:$P102, "TAK", K3:K102) -> -0.00018059677 | L103: =AVERAGEIF($P3:$P102, "TAK", L3:L102) -> 0.0008461129 | M103: =AVERAGEIF($P3:$P102, "TAK", M3:M102) -> 2.8064516e-06 | N103: =AVERAGEIF($P3:$P102, "TAK", N3:N102) -> 1 | O103: =AVERAGEIF($P3:$P102, "TAK", O3:O102) -> 54.854839 | P103: =COUNTIF(P3:P102, "TAK") -> 62 | Q103: =AVERAGEIF($W3:$W102, "TAK", Q3:Q102) -> 0.0058207941 | R103: =AVERAGEIF($W3:$W102, "TAK", R3:R102) -> 0.016171324 | S103: =AVERAGEIF($W3:$W102, "TAK", S3:S102) -> 0.00048094118 | T103: =AVERAGEIF($W3:$W102, "TAK", T3:T102) -> 1 | U103: =AVERAGEIF($W3:$W102, "TAK", U3:U102) -> 74.029412 | V103: =AVERAGEIF($W3:$W102, "TAK", V3:V102) -> 74.029412 | W103: =COUNTIF(W3:W102, "TAK") -> 34
A104: 0.25 | B104: 1 | C104: 0.105568 | D104: 1.068569 | E104: -0.000526 | F104: 0.00127 | G104: 1e-06 | H104: 1 | I104: 13 | J104: =IF(ABS(G104) < 0.01,"TAK","NIE") -> TAK | K104: -0.000181 | L104: 0.000624 | M104: 0 | N104: 1 | O104: 23 | P104: =IF(ABS(M104) < 0.01,"TAK","NIE") -> TAK | Q104: 0.000246 | R104: 0.002544 | S104: 7e-06 | T104: 1 | U104: 21 | V104: 21 | W104: =IF(ABS(S104) < 0.01,"TAK","NIE") -> TAK
B105: 2 | C105: 0.701989 | D105: 1.229973 | E105: -0.00036 | F105: 0.00087 | G105: 1e-06 | H105: 1 | I105: 13 | J105: =IF(ABS(G105) < 0.01,"TAK","NIE") -> TAK | K105: -3.4e-05 | L105: 0.000161 | M105: 0 | N105: 1 | O105: 25 | P105: =IF(ABS(M105) < 0.01,"TAK","NIE") -> TAK | Q105: 1.070275 | R105: -0.533022 | S105: 0.877366 | T105: 1 | U105: 23 | V105: 23 | W105: =IF(ABS(S105) < 0.01,"TAK","NIE") -> NIE
B106: 3 | C106: 0.198783 | D106: 1.421739 | E106: -0.000424 | F106: 0.001022 | G106: 1e-06 | H106: 1 | I106: 14 | J106: =IF(ABS(G106) < 0.01,"TAK","NIE") -> TAK | K106: -6.9e-05 | L106: 0.000322 | M106: 0 | N106: 1 | O106: 25 | P106: =IF(ABS(M106) < 0.01,"TAK","NIE") -> TAK | Q106: 0.000329 | R106: 0.002549 | S106: 8e-06 | T106: 1 | U106: 22 | V106: 22 | W106: =IF(ABS(S106) < 0.01,"TAK","NIE") -> TAK
B107: 4 | C107: 1.935991 | D107: 1.980685 | E107: -0.000478 | F107: 0.001153 | G107: 1e-06 | H107: 1 | I107: 12 | J107: =IF(ABS(G107) < 0.01,"TAK","NIE") -> TAK | K107: 1.2e-05 | L107: 0.000306 | M107: 0 | N107: 1 | O107: 25 | P107: =IF(ABS(M107) < 0.01,"TAK","NIE") -> TAK | Q107: 1.747895 | R107: -0.870989 | S107: 0.298648 | T107: 1 | U107: 24 | V107: 24 | W107: =IF(ABS(S107) < 0.01,"TAK","NIE") -> NIE
...

Sheet Tabela 2
A1: Długość kroku | B1: Metoda najszybszego spadku | H1: Metoda gradientów sprzężonych | N1: Metoda Newtona
B2: x1* | C2: x2* | D2: y* | E2: f_calls | F2: g_calls | G2: Liczba minimów globalnych | H2: x1* | I2: x2* | J2: y* | K2: f_calls | L2: g_calls | M2: Liczba minimów globalnych | N2: x1* | O2: x2* | P2: y* | Q2: f_calls | R2: g_calls | S2: H_calls | T2: Liczba minimów globalnych
A3: 0.05 | B3: ='Tabela 1'!E103 -> -0.0022352941 | C3: ='Tabela 1'!F103 -> 0.0062816765 | D3: ='Tabela 1'!G103 -> 9.2176471e-05 | E3: ='Tabela 1'!H103 -> 1 | F3: ='Tabela 1'!I103 -> 46.455882 | G3: ='Tabela 1'!J103 -> 68 | H3: ='Tabela 1'!K103 -> -0.00018059677 | I3: ='Tabela 1'!L103 -> 0.0008461129 | ... T3: ='Tabela 1'!W103 -> 34
A4: 0.25 | B4: ='Tabela 1'!E204 -> -9.7215909e-05 | C4: ='Tabela 1'!F204 -> 0.00023482955 | D4: ='Tabela 1'!G204 -> 1.2159091e-06 | E4: ='Tabela 1'!H204 -> 1 | F4: ='Tabela 1'!I204 -> 12.863636 | G4: ='Tabela 1'!J204 -> 88 | H4: ='Tabela 1'!K204 -> -7.6486486e-06 | I4: ='Tabela 1'!L204 -> 8.9513514e-05 | ... T4: ='Tabela 1'!W204 -> 23
A5: M. zk. | B5: ='Tabela 1'!E305 -> -0.00031662903 | C5: ='Tabela 1'!F305 -> 0.00085472581 | D5: ='Tabela 1'!G305 -> 1.85e-05 | E5: ='Tabela 1'!H305 -> 395.83871 | F5: ='Tabela 1'!I305 -> 26.322581 | G5: ='Tabela 1'!J305 -> 62 | H5: ='Tabela 1'!K305 -> -4.7527273e-05 | I5: ='Tabela 1'!L305 -> 0.00036803636 | ... T5: ='Tabela 1'!W305 -> 24

Sheet Wykresy
A1: Nr iteracji | B1: Metoda najszybszego spadku | H1: Metoda gradientów sprzężonych | N1: Metoda Newtona
B2: 0.05 | D2: 0.25 | F2: M. zk. | H2: 0.05 | J2: 0.25 | L2: M. zk. | N2: 0.05 | P2: 0.25 | R2: M. zk.
B3: x1* | C3: x2* | D3: x1* | E3: x2* | F3: x1* | G3: x2* | H3: x1* | I3: x2* | J3: x1* | K3: x2* | L3: x1* | M3: x2* | N3: x1* | O3: x2* | P3: x1* | Q3: x2* | R3: x1* | S3: x2*
A4: 0 | B4: 2 | C4: 2 | D4: 2 | E4: 2 | F4: 2 | G4: 2 | H4: 2 | I4: 2 | J4: 2 | K4: 2 | L4: 2 | M4: 2 | N4: 2 | O4: 2 | P4: 2 | Q4: 2 | R4: 2 | S4: 2
A5: 1 | B5: 1.58 | C5: 1.7 | D5: -0.1 | E5: 0.5 | F5: 1.163415 | G5: 1.402439 | H5: 1.58 | I5: 1.7 | J5: -0.1 | K5: 0.5 | L5: 1.163415 | M5: 1.402439 | N5: 1.991843 | O5: 1.854079 | P5: 1.959215 | Q5: 1.270393 | R5: 1.983752 | S5: 1.709344
A6: 2 | B6: 1.514976 | C6: 1.451 | D6: -0.126047 | E6: 0.275 | F6: 1.006684 | G6: 1.007223 | H6: 1.410561 | I6: 1.376418 | J6: -0.142224 | K6: 0.263445 | L6: 0.977321 | M6: 0.98625 | N6: 1.983875 | O6: 1.715563 | P6: 1.923295 | Q6: 0.725852 | R6: 1.968259 | S6: 1.448066
A7: 3 | B7: 1.470599 | C7: 1.230151 | D7: -0.070845 | E7: 0.169012 | F7: 0.829104 | G7: 0.706338 | H7: 1.254681 | I7: 0.948405 | J7: -0.080908 | K7: 0.099825 | L7: 0.529651 | M7: 0.10701 | N7: 1.976094 | O7: 1.584078 | P7: 1.892003 | Q7: 0.319624 | R7: 1.953507 | S7: 1.213212
A8: 4 | B8: 1.43895 | C8: 1.033606 | D8: -0.042626 | E8: 0.102217 | F8: 0.627846 | G8: 0.483072 | H8: 1.124342 | I8: 0.540146 | J8: -0.008956 | K8: 0.025961 | L8: 0.019008 | M8: -0.648548 | N8: 1.968498 | O8: 1.45927 | P8: 1.865066 | Q8: 0.016686 | R8: 1.939481 | S8: 1.002118
A9: 5 | B9: 1.416706 | C9: 0.858298 | D9: -0.025636 | E9: 0.061765 | F9: 0.423425 | G9: 0.324321 | H9: 1.011767 | I9: 0.212722 | J9: -0.004279 | K9: 0.012948 | L9: 0.014039 | M9: -0.612982 | N9: 1.961086 | O9: 1.3408 | P9: 1.842176 | Q9: -0.209174 | R9: 1.926167 | S9: 0.812391
A10: … | B10: 1.402221 | C10: 0.701633 | D10: -0.015459 | E10: 0.037291 | F10: 0.252842 | G10: 0.21755 | H10: 0.902916 | I10: -0.03467 | J10: -0.002071 | K10: 0.004298 | L10: 0.064796 | M10: -0.458641 | N10: 1.953856 | O10: 1.228348 | P10: 1.822988 | Q10: -0.377558 | R10: 1.913548 | S10: 0.641875
B11: 1.39463 | C11: 0.561359 | D11: -0.009327 | E11: 0.02251 | F11: 0.137108 | G11: 0.149035 | H11: 0.780828 | I11: -0.230475 | J11: -0.000808 | K11: 0.001623 | L11: 0.091361 | M11: -0.353709 | N11: 1.946805 | O11: 1.121609 | P11: 1.807125 | Q11: -0.503111 | R11: 1.901608 | S11: 0.48863
B12: 1.393477 | C12: 0.435491 | D12: -0.005628 | E12: 0.013587 | F12: 0.068718 | G12: 0.105694 | H12: 0.623663 | I12: -0.403618 | J12: -0.000222 | K12: 0.000623 | L12: 0.090559 | M12: -0.292163 | N12: 1.939933 | O12: 1.020295 | P12: 1.794189 | Q12: -0.596756 | R12: 1.89033 | S12: 0.350911
B13: 1.398524 | C13: 0.322268 | D13: -0.003397 | E13: 0.008201 | F13: 0.030952 | G13: 0.077797 | H13: 0.419534 | I13: -0.555061 | N13: 1.933237 | O13: 0.92413 | P13: 1.783778 | Q13: -0.666635 | R13: 1.879696 | S13: 0.227147
B14: 1.409628 | C14: 0.220115 | D14: -0.00205 | E14: 0.00495 | F14: 0.010886 | G14: 0.059219 | H14: 0.208577 | I14: -0.646403 | N14: 1.926715 | O14: 0.832853 | P14: 1.7755 | Q14: -0.718809 | R14: 1.869687 | S14: 0.115927
B15: 1.426621 | C15: 0.127622 | D15: -0.001237 | E15: 0.002987 | F15: 0.000652 | G15: 0.046339 | H15: -0.016991 | I15: -0.686608 | N15: 1.920366 | O15: 0.746217 | P15: 1.768989 | Q15: -0.757789 | R15: 1.860282 | S15: 0.015979
B16: 1.449186 | C16: 0.043529 | D16: -0.000747 | E16: 0.001803 | F16: -0.004223 | G16: 0.037044 | H16: -0.450323 | I16: -0.70106 | N16: 1.914186 | O16: 0.663987 | P16: 1.763916 | Q16: -0.786929 | R16: 1.851463 | S16: -0.073839
B17: 1.476718 | C17: -0.033283 | D17: -0.000451 | E17: 0.001088 | F17: -0.00623 | G17: 0.030086 | H17: -1.728939 | I17: -0.654643 | N17: 1.908174 | O17: 0.585939 | P17: 1.759995 | Q17: -0.808726 | R17: 1.843208 | S17: -0.154554
B18: 1.508174 | C18: -0.103791 | F18: -0.006745 | G18: 0.024714 | H18: -3.414193 | I18: -0.43917 | N18: 1.902328 | O18: 0.511861 | P18: 1.756984 | Q18: -0.825038 | R18: 1.835495 | S18: -0.227091
B19: 1.541983 | C19: -0.16882 | F19: -0.006519 | G19: 0.020463 | N19: 1.896646 | O19: 0.441551 | P19: 1.754684 | Q19: -0.837252 | R19: 1.828303 | S19: -0.29228
B20: 1.576088 | C20: -0.229037 | F20: -0.00596 | G20: 0.017036 | N20: 1.891125 | O20: 0.374818 | P20: 1.752934 | Q20: -0.846399 | R20: 1.821607 | S20: -0.350866
B21: 1.608226 | C21: -0.284938 | F21: -0.005283 | G21: 0.014236 | N21: 1.885763 | O21: 0.311479 | P21: 1.751608 | Q21: -0.853253 | R21: 1.815386 | S21: -0.403522
B22: 1.636418 | C22: -0.336856 | F22: -0.004596 | G22: 0.011927 | N22: 1.880558 | O22: 0.251364 | P22: 1.750605 | Q22: -0.858389 | R22: 1.809617 | S22: -0.450849
B23: 1.659485 | C23: -0.384991 | F23: -0.003953 | G23: 0.010009 | N23: 1.875507 | O23: 0.194307 | P23: 1.749848 | Q23: -0.862239 | R23: 1.804276 | S23: -0.49339
B24: 1.677277 | C24: -0.429466 | F24: -0.003375 | G24: 0.008409 | N24: 1.870608 | O24: 0.140154 | P24: 1.749278 | Q24: -0.865125 | R24: 1.79934 | S24: -0.531631
B25: 1.69047 | C25: -0.470383 | F25: -0.002868 | G25: 0.00707 | N25: 1.865858 | O25: 0.088756 | P25: 1.748848 | Q25: -0.867289 | R25: 1.794785 | S25: -0.566008
B26: 1.700119 | C26: -0.507869 | F26: -0.00243 | G26: 0.005947 | N26: 1.861256 | O26: 0.039973 | P26: 1.748525 | Q26: -0.868911 | R26: 1.79059 | S26: -0.596914
B27: 1.707258 | C27: -0.542088 | F27: -0.002054 | G27: 0.005005 | N27: 1.856797 | O27: -0.006328 | P27: 1.748283 | Q27: -0.870128 | R27: 1.786732 | S27: -0.624702
B28: 1.712699 | C28: -0.573242 | F28: -0.001734 | G28: 0.004212 | N28: 1.852481 | O28: -0.050273 | P28: 1.748101 | Q28: -0.87104 | R28: 1.78319 | S28: -0.649688
B29: 1.717002 | C29: -0.601553 | N29: 1.848303 | O29: -0.091983 | R29: 1.779941 | S29: -0.672156
B30: 1.720529 | C30: -0.627247 | N30: 1.844262 | O30: -0.131571 | R30: 1.776966 | S30: -0.692361
B31: 1.723505 | C31: -0.650549 | N31: 1.840355 | O31: -0.169145 | R31: 1.774246 | S31: -0.710534
B32: 1.726068 | C32: -0.671669 | N32: 1.836578 | O32: -0.204809 | R32: 1.771761 | S32: -0.726878
B33: 1.728307 | C33: -0.690806 | N33: 1.83293 | O33: -0.238659 | R33: 1.769494 | S33: -0.741581
B34: 1.730282 | C34: -0.708141 | N34: 1.829408 | O34: -0.270788 | R34: 1.767428 | S34: -0.754806
B35: 1.732034 | C35: -0.723841 | N35: 1.826008 | O35: -0.301283 | R35: 1.765548 | S35: -0.766704
B36: 1.733594 | C36: -0.738058 | N36: 1.822727 | O36: -0.330229 | R36: 1.763837 | S36: -0.777408
B37: 1.734988 | C37: -0.750932 | N37: 1.819564 | O37: -0.357704 | R37: 1.762282 | S37: -0.787039
B38: 1.736236 | C38: -0.762588 | N38: 1.816515 | O38: -0.383783 | R38: 1.76087 | S38: -0.795705
B39: 1.737354 | C39: -0.773141 | N39: 1.813577 | O39: -0.408538 | R39: 1.759589 | S39: -0.803503
B40: 1.738358 | C40: -0.782695 | N40: 1.810747 | O40: -0.432036 | R40: 1.758427 | S40: -0.810521
... B59: 1.746214 | C59: -0.86012 | N59: 1.773895 | O59: -0.708332 | R59: 1.749076 | S59: -0.865179
B60: 1.746341 | C60: -0.861418 | N60: 1.772663 | O60: -0.716647
B61: 1.746457 | C61: -0.862593 | N61: 1.771485 | O61: -0.724542
B62: 1.746562 | C62: -0.863657 | N62: 1.770359 | O62: -0.732039
B63: 1.746656 | C63: -0.864619 | N63: 1.769283 | O63: -0.739158
N64: 1.768256 | O64: -0.745918
N65: 1.767274 | O65: -0.752338
N66: 1.766337 | O66: -0.758434
N67: 1.765442 | O67: -0.764224
N68: 1.764588 | O68: -0.769721
N69: 1.763773 | O69: -0.774943
N70: 1.762995 | O70: -0.779901
N71: 1.762253 | O71: -0.78461
N72: 1.761546 | O72: -0.789082
N73: 1.760871 | O73: -0.793329
N74: 1.760228 | O74: -0.797363
N75: 1.759615 | O75: -0.801194
... N102: 1.750649 | O102: -0.855644

Sheet Klasyfikator
A1: Długość kroku | B1: Metoda gradientów sprzężonych
B2: θ0* | C2: θ1* | D2: θ2* | E2: J(θ*) | F2: P(θ*) | G2: g_calls
A3: 0.01
A4: 0.001 | B4: -0.000212 | C4: 0.006289 | D4: 0.01098 | E4: 0.534456 | F4: 0.7 | G4: 10
A5: 0.0001 | B5: 7.5e-05 | C5: 0.0082 | D5: 0.009534 | E5: 0.535123 | F5: 0.7 | G5: 16

Sheet Wykres
D4: 7.5e-05 | E4: 0.0082 | F4: 0.009534
K9: 80
F13: 1 | H13: 0 | J13: x1 | K13: x2
B14: 1 | C14: 57 | D14: 68 | E14: 1 | F14: {=IF(E14,C14:D14, NA())} -> 57 | G14: 68 | H14: {=IF(E14=0,C14:D14,NA())} -> #N/A | J14: 57 | K14: =-($D$4+$E$4*C14)/$F$4+$K$9 -> 30.96759
B15: 1 | C15: 86 | D15: 87 | E15: 1 | F15: {=IF(E15,C15:D15, NA())} -> 86 | G15: 87 | H15: {=IF(E15=0,C15:D15,NA())} -> #N/A | J15: 86 | K15: =-($D$4+$E$4*C15)/$F$4+$K$9 -> 6.025278
B16: 1 | C16: 86 | D16: 46 | E16: 1 | F16: {=IF(E16,C16:D16, NA())} -> 86 | G16: 46 | H16: {=IF(E16=0,C16:D16,NA())} -> #N/A | J16: 86 | K16: =-($D$4+$E$4*C16)/$F$4+$K$9 -> 6.025278
B17: 1 | C17: 71 | D17: 25 | E17: 0 | F17: {=IF(E17,C17:D17, NA())} -> #N/A | H17: {=IF(E17=0,C17:D17,NA())} -> 71 | I17: 25 | J17: 71 | K17: =-($D$4+$E$4*C17)/$F$4+$K$9 -> 18.926474
B18: 1 | C18: 75 | D18: 77 | E18: 1 | F18: {=IF(E18,C18:D18, NA())} -> 75 | G18: 77 | H18: {=IF(E18=0,C18:D18,NA())} -> #N/A | J18: 75 | K18: =-($D$4+$E$4*C18)/$F$4+$K$9 -> 15.486155
B19: 1 | C19: 84 | D19: 53 | E19: 1 | F19: {=IF(E19,C19:D19, NA())} -> 84 | G19: 53 | H19: {=IF(E19=0,C19:D19,NA())} -> #N/A | J19: 84 | K19: =-($D$4+$E$4*C19)/$F$4+$K$9 -> 7.7454374
B20: 1 | C20: 89 | D20: 93 | E20: 1 | F20: {=IF(E20,C20:D20, NA())} -> 89 | G20: 93 | H20: {=IF(E20=0,C20:D20,NA())} -> #N/A | J20: 89 | K20: =-($D$4+$E$4*C20)/$F$4+$K$9 -> 3.4450388
B21: 1 | C21: 68 | D21: 96 | E21: 1 | F21: {=IF(E21,C21:D21, NA())} -> 68 | G21: 96 | H21: {=IF(E21=0,C21:D21,NA())} -> #N/A | J21: 68 | K21: =-($D$4+$E$4*C21)/$F$4+$K$9 -> 21.506713
B22: 1 | C22: 50 | D22: 34 | E22: 0 | F22: {=IF(E22,C22:D22, NA())} -> #N/A | H22: {=IF(E22=0,C22:D22,NA())} -> 50 | I22: 34 | J22: 50 | K22: =-($D$4+$E$4*C22)/$F$4+$K$9 -> 36.988148
B23: 1 | C23: 90 | D23: 92 | E23: 1 | F23: {=IF(E23,C23:D23, NA())} -> 90 | G23: 92 | H23: {=IF(E23=0,C23:D23,NA())} -> #N/A | J23: 90 | K23: =-($D$4+$E$4*C23)/$F$4+$K$9 -> 2.5849591
B24: 1 | C24: 53 | D24: 87 | E24: 1 | F24: {=IF(E24,C24:D24, NA())} -> 53 | G24: 87 | H24: {=IF(E24=0,C24:D24,NA())} -> #N/A | J24: 53 | K24: =-($D$4+$E$4*C24)/$F$4+$K$9 -> 34.407909
B25: 1 | C25: 40 | D25: 49 | E25: 0 | F25: {=IF(E25,C25:D25, NA())} -> #N/A | H25: {=IF(E25=0,C25:D25,NA())} -> 40 | I25: 49 | J25: 40 | K25: =-($D$4+$E$4*C25)/$F$4+$K$9 -> 45.588945
B26: 1 | C26: 40 | D26: 68 | E26: 1 | F26: {=IF(E26,C26:D26, NA())} -> 40 | G26: 68 | H26: {=IF(E26=0,C26:D26,NA())} -> #N/A | J26: 40 | K26: =-($D$4+$E$4*C26)/$F$4+$K$9 -> 45.588945
B27: 1 | C27: 28 | D27: 56 | E27: 0 | F27: {=IF(E27,C27:D27, NA())} -> #N/A | H27: {=IF(E27=0,C27:D27,NA())} -> 28 | I27: 56 | J27: 28 | K27: =-($D$4+$E$4*C27)/$F$4+$K$9 -> 55.909901
B28: 1 | C28: 97 | D28: 88 | E28: 1 | F28: {=IF(E28,C28:D28, NA())} -> 97 | G28: 88 | H28: {=IF(E28=0,C28:D28,NA())} -> #N/A | J28: 97 | K28: =-($D$4+$E$4*C28)/$F$4+$K$9 -> -3.4355989
B29: 1 | C29: 35 | D29: 35 | E29: 0 | F29: {=IF(E29,C29:D29, NA())} -> #N/A | H29: {=IF(E29=0,C29:D29,NA())} -> 35 | I29: 35 | J29: 35 | K29: =-($D$4+$E$4*C29)/$F$4+$K$9 -> 49.889343
B30: 1 | C30: 59 | D30: 80 | E30: 1 | F30: {=IF(E30,C30:D30, NA())} -> 59 | G30: 80 | H30: {=IF(E30=0,C30:D30,NA())} -> #N/A | J30: 59 | K30: =-($D$4+$E$4*C30)/$F$4+$K$9 -> 29.24743
B31: 1 | C31: 29 | D31: 75 | E31: 0 | F31: {=IF(E31,C31:D31, NA())} -> #N/A | H31: {=IF(E31=0,C31:D31,NA())} -> 29 | I31: 75 | J31: 29 | K31: =-($D$4+$E$4*C31)/$F$4+$K$9 -> 55.049822
B32: 1 | C32: 44 | D32: 30 | E32: 0 | F32: {=IF(E32,C32:D32, NA())} -> #N/A | H32: {=IF(E32=0,C32:D32,NA())} -> 44 | I32: 30 | J32: 44 | K32: =-($D$4+$E$4*C32)/$F$4+$K$9 -> 42.148626
B33: 1 | C33: 54 | D33: 73 | E33: 1 | F33: {=IF(E33,C33:D33, NA())} -> 54 | G33: 73 | H33: {=IF(E33=0,C33:D33,NA())} -> #N/A | J33: 54 | K33: =-($D$4+$E$4*C33)/$F$4+$K$9 -> 33.547829
B34: 1 | C34: 22 | D34: 77 | E34: 0 | F34: {=IF(E34,C34:D34, NA())} -> #N/A | H34: {=IF(E34=0,C34:D34,NA())} -> 22 | I34: 77 | J34: 22 | K34: =-($D$4+$E$4*C34)/$F$4+$K$9 -> 61.07038
B35: 1 | C35: 53 | D35: 48 | E35: 1 | F35: {=IF(E35,C35:D35, NA())} -> 53 | G35: 48 | H35: {=IF(E35=0,C35:D35,NA())} -> #N/A | J35: 53 | K35: =-($D$4+$E$4*C35)/$F$4+$K$9 -> 34.407909
B36: 1 | C36: 66 | D36: 42 | E36: 1 | F36: {=IF(E36,C36:D36, NA())} -> 66 | G36: 42 | H36: {=IF(E36=0,C36:D36,NA())} -> #N/A | J36: 66 | K36: =-($D$4+$E$4*C36)/$F$4+$K$9 -> 23.226872
B37: 1 | C37: 26 | D37: 87 | E37: 0 | F37: {=IF(E37,C37:D37, NA())} -> #N/A | H37: {=IF(E37=0,C37:D37,NA())} -> 26 | I37: 87 | J37: 26 | K37: =-($D$4+$E$4*C37)/$F$4+$K$9 -> 57.630061
B38: 1 | C38: 43 | D38: 67 | E38: 1 | F38: {=IF(E38,C38:D38, NA())} -> 43 | G38: 67 | H38: {=IF(E38=0,C38:D38,NA())} -> #N/A | J38: 43 | K38: =-($D$4+$E$4*C38)/$F$4+$K$9 -> 43.008706
B39: 1 | C39: 70 | D39: 62 | E39: 1 | F39: {=IF(E39,C39:D39, NA())} -> 70 | G39: 62 | H39: {=IF(E39=0,C39:D39,NA())} -> #N/A | J39: 70 | K39: =-($D$4+$E$4*C39)/$F$4+$K$9 -> 19.786553
B40: 1 | C40: 100 | D40: 96 | E40: 1 | F40: {=IF(E40,C40:D40, NA())} -> 100 | G40: 96 | H40: {=IF(E40=0,C40:D40,NA())} -> #N/A | J40: 100 | K40: =-($D$4+$E$4*C40)/$F$4+$K$9 -> -6.0158381
B41: 1 | C41: 64 | D41: 56 | E41: 1 | F41: {=IF(E41,C41:D41, NA())} -> 64 | G41: 56 | H41: {=IF(E41=0,C41:D41,NA())} -> #N/A | J41: 64 | K41: =-($D$4+$E$4*C41)/$F$4+$K$9 -> 24.947032
B42: 1 | C42: 79 | D42: 82 | E42: 1 | F42: {=IF(E42,C42:D42, NA())} -> 79 | G42: 82 | H42: {=IF(E42=0,C42:D42,NA())} -> #N/A | J42: 79 | K42: =-($D$4+$E$4*C42)/$F$4+$K$9 -> 12.045836
B43: 1 | C43: 48 | D43: 91 | E43: 1 | F43: {=IF(E43,C43:D43, NA())} -> 48 | G43: 91 | H43: {=IF(E43=0,C43:D43,NA())} -> #N/A | J43: 48 | K43: =-($D$4+$E$4*C43)/$F$4+$K$9 -> 38.708307
B44: 1 | C44: 82 | D44: 79 | E44: 1 | F44: {=IF(E44,C44:D44, NA())} -> 82 | G44: 79 | H44: {=IF(E44=0,C44:D44,NA())} -> #N/A | J44: 82 | K44: =-($D$4+$E$4*C44)/$F$4+$K$9 -> 9.4655968
B45: 1 | C45: 44 | D45: 52 | E45: 1 | F45: {=IF(E45,C45:D45, NA())} -> 44 | G45: 52 | H45: {=IF(E45=0,C45:D45,NA())} -> #N/A | J45: 44 | K45: =-($D$4+$E$4*C45)/$F$4+$K$9 -> 42.148626
B46: 1 | C46: 50 | D46: 45 | E46: 1 | F46: {=IF(E46,C46:D46, NA())} -> 50 | G46: 45 | H46: {=IF(E46=0,C46:D46,NA())} -> #N/A | J46: 50 | K46: =-($D$4+$E$4*C46)/$F$4+$K$9 -> 36.988148
B47: 1 | C47: 95 | D47: 53 | E47: 1 | F47: {=IF(E47,C47:D47, NA())} -> 95 | G47: 53 | H47: {=IF(E47=0,C47:D47,NA())} -> #N/A | J47: 95 | K47: =-($D$4+$E$4*C47)/$F$4+$K$9 -> -1.7154395
B48: 1 | C48: 28 | D48: 45 | E48: 0 | F48: {=IF(E48,C48:D48, NA())} -> #N/A | H48: {=IF(E48=0,C48:D48,NA())} -> 28 | I48: 45 | J48: 28 | K48: =-($D$4+$E$4*C48)/$F$4+$K$9 -> 55.909901
B49: 1 | C49: 37 | D49: 38 | E49: 0 | F49: {=IF(E49,C49:D49, NA())} -> #N/A | H49: {=IF(E49=0,C49:D49,NA())} -> 37 | I49: 38 | J49: 37 | K49: =-($D$4+$E$4*C49)/$F$4+$K$9 -> 48.169184
B50: 1 | C50: 71 | D50: 81 | E50: 1 | F50: {=IF(E50,C50:D50, NA())} -> 71 | G50: 81 | H50: {=IF(E50=0,C50:D50,NA())} -> #N/A | J50: 71 | K50: =-($D$4+$E$4*C50)/$F$4+$K$9 -> 18.926474
B51: 1 | C51: 26 | D51: 34 | E51: 0 | F51: {=IF(E51,C51:D51, NA())} -> #N/A | H51: {=IF(E51=0,C51:D51,NA())} -> 26 | I51: 34 | J51: 26 | K51: =-($D$4+$E$4*C51)/$F$4+$K$9 -> 57.630061
B52: 1 | C52: 75 | D52: 54 | E52: 1 | F52: {=IF(E52,C52:D52, NA())} -> 75 | G52: 54 | H52: {=IF(E52=0,C52:D52,NA())} -> #N/A | J52: 75 | K52: =-($D$4+$E$4*C52)/$F$4+$K$9 -> 15.486155
B53: 1 | C53: 35 | D53: 98 | E53: 1 | F53: {=IF(E53,C53:D53, NA())} -> 35 | G53: 98 | H53: {=IF(E53=0,C53:D53,NA())} -> #N/A | J53: 35 | K53: =-($D$4+$E$4*C53)/$F$4+$K$9 -> 49.889343
B54: 1 | C54: 23 | D54: 49 | E54: 0 | F54: {=IF(E54,C54:D54, NA())} -> #N/A | H54: {=IF(E54=0,C54:D54,NA())} -> 23 | I54: 49 | J54: 23 | K54: =-($D$4+$E$4*C54)/$F$4+$K$9 -> 60.2103
B55: 1 | C55: 87 | D55: 99 | E55: 1 | F55: {=IF(E55,C55:D55, NA())} -> 87 | G55: 99 | H55: {=IF(E55=0,C55:D55,NA())} -> #N/A | J55: 87 | K55: =-($D$4+$E$4*C55)/$F$4+$K$9 -> 5.1651982
B56: 1 | C56: 92 | D56: 76 | E56: 1 | F56: {=IF(E56,C56:D56, NA())} -> 92 | G56: 76 | H56: {=IF(E56=0,C56:D56,NA())} -> #N/A | J56: 92 | K56: =-($D$4+$E$4*C56)/$F$4+$K$9 -> 0.86479966
B57: 1 | C57: 37 | D57: 71 | E57: 1 | F57: {=IF(E57,C57:D57, NA())} -> 37 | G57: 71 | H57: {=IF(E57=0,C57:D57,NA())} -> #N/A | J57: 37 | K57: =-($D$4+$E$4*C57)/$F$4+$K$9 -> 48.169184
B58: 1 | C58: 45 | D58: 74 | E58: 1 | F58: {=IF(E58,C58:D58, NA())} -> 45 | G58: 74 | H58: {=IF(E58=0,C58:D58,NA())} -> #N/A | J58: 45 | K58: =-($D$4+$E$4*C58)/$F$4+$K$9 -> 41.288546
B59: 1 | C59: 42 | D59: 59 | E59: 1 | F59: {=IF(E59,C59:D59, NA())} -> 42 | G59: 59 | H59: {=IF(E59=0,C59:D59,NA())} -> #N/A | J59: 42 | K59: =-($D$4+$E$4*C59)/$F$4+$K$9 -> 43.868785
B60: 1 | C60: 31 | D60: 45 | E60: 0 | F60: {=IF(E60,C60:D60, NA())} -> #N/A | H60: {=IF(E60=0,C60:D60,NA())} -> 31 | I60: 45 | J60: 31 | K60: =-($D$4+$E$4*C60)/$F$4+$K$9 -> 53.329662
B61: 1 | C61: 47 | D61: 52 | E61: 1 | F61: {=IF(E61,C61:D61, NA())} -> 47 | G61: 52 | H61: {=IF(E61=0,C61:D61,NA())} -> #N/A | J61: 47 | K61: =-($D$4+$E$4*C61)/$F$4+$K$9 -> 39.568387
B62: 1 | C62: 68 | D62: 66 | E62: 1 | F62: {=IF(E62,C62:D62, NA())} -> 68 | G62: 66 | H62: {=IF(E62=0,C62:D62,NA())} -> #N/A | J62: 68 | K62: =-($D$4+$E$4*C62)/$F$4+$K$9 -> 21.506713
B63: 1 | C63: 76 | D63: 49 | E63: 1 | F63: {=IF(E63,C63:D63, NA())} -> 76 | G63: 49 | H63: {=IF(E63=0,C63:D63,NA())} -> #N/A | J63: 76 | K63: =-($D$4+$E$4*C63)/$F$4+$K$9 -> 14.626075
B64: 1 | C64: 86 | D64: 51 | E64: 1 | F64: {=IF(E64,C64:D64, NA())} -> 86 | G64: 51 | H64: {=IF(E64=0,C64:D64,NA())} -> #N/A | J64: 86 | K64: =-($D$4+$E$4*C64)/$F$4+$K$9 -> 6.025278
B65: 1 | C65: 60 | D65: 93 | E65: 1 | F65: {=IF(E65,C65:D65, NA())} -> 60 | G65: 93 | H65: {=IF(E65=0,C65:D65,NA())} -> #N/A | J65: 60 | K65: =-($D$4+$E$4*C65)/$F$4+$K$9 -> 28.387351
B66: 1 | C66: 33 | D66: 70 | E66: 0 | F66: {=IF(E66,C66:D66, NA())} -> #N/A | H66: {=IF(E66=0,C66:D66,NA())} -> 33 | I66: 70 | J66: 33 | K66: =-($D$4+$E$4*C66)/$F$4+$K$9 -> 51.609503
B67: 1 | C67: 56 | D67: 37 | E67: 1 | F67: {=IF(E67,C67:D67, NA())} -> 56 | G67: 37 | H67: {=IF(E67=0,C67:D67,NA())} -> #N/A | J67: 56 | K67: =-($D$4+$E$4*C67)/$F$4+$K$9 -> 31.827669
B68: 1 | C68: 78 | D68: 25 | E68: 0 | F68: {=IF(E68,C68:D68, NA())} -> #N/A | H68: {=IF(E68=0,C68:D68,NA())} -> 78 | I68: 25 | J68: 78 | K68: =-($D$4+$E$4*C68)/$F$4+$K$9 -> 12.905916
B69: 1 | C69: 51 | D69: 71 | E69: 1 | F69: {=IF(E69,C69:D69, NA())} -> 51 | G69: 71 | H69: {=IF(E69=0,C69:D69,NA())} -> #N/A | J69: 51 | K69: =-($D$4+$E$4*C69)/$F$4+$K$9 -> 36.128068
B70: 1 | C70: 40 | D70: 99 | E70: 1 | F70: {=IF(E70,C70:D70, NA())} -> 40 | G70: 99 | H70: {=IF(E70=0,C70:D70,NA())} -> #N/A | J70: 40 | K70: =-($D$4+$E$4*C70)/$F$4+$K$9 -> 45.588945
B71: 1 | C71: 36 | D71: 55 | E71: 0 | F71: {=IF(E71,C71:D71, NA())} -> #N/A | H71: {=IF(E71=0,C71:D71,NA())} -> 36 | I71: 55 | J71: 36 | K71: =-($D$4+$E$4*C71)/$F$4+$K$9 -> 49.029264
B72: 1 | C72: 51 | D72: 38 | E72: 1 | F72: {=IF(E72,C72:D72, NA())} -> 51 | G72: 38 | H72: {=IF(E72=0,C72:D72,NA())} -> #N/A | J72: 51 | K72: =-($D$4+$E$4*C72)/$F$4+$K$9 -> 36.128068
B73: 1 | C73: 46 | D73: 100 | E73: 1 | F73: {=IF(E73,C73:D73, NA())} -> 46 | G73: 100 | H73: {=IF(E73=0,C73:D73,NA())} -> #N/A | J73: 46 | K73: =-($D$4+$E$4*C73)/$F$4+$K$9 -> 40.428467
B74: 1 | C74: 36 | D74: 49 | E74: 0 | F74: {=IF(E74,C74:D74, NA())} -> #N/A | H74: {=IF(E74=0,C74:D74,NA())} -> 36 | I74: 49 | J74: 36 | K74: =-($D$4+$E$4*C74)/$F$4+$K$9 -> 49.029264
B75: 1 | C75: 38 | D75: 56 | E75: 0 | F75: {=IF(E75,C75:D75, NA())} -> #N/A | H75: {=IF(E75=0,C75:D75,NA())} -> 38 | I75: 56 | J75: 38 | K75: =-($D$4+$E$4*C75)/$F$4+$K$9 -> 47.309104
B76: 1 | C76: 96 | D76: 46 | E76: 1 | F76: {=IF(E76,C76:D76, NA())} -> 96 | G76: 46 | H76: {=IF(E76=0,C76:D76,NA())} -> #N/A | J76: 96 | K76: =-($D$4+$E$4*C76)/$F$4+$K$9 -> -2.5755192
B77: 1 | C77: 97 | D77: 26 | E77: 0 | F77: {=IF(E77,C77:D77, NA())} -> #N/A | H77: {=IF(E77=0,C77:D77,NA())} -> 97 | I77: 26 | J77: 97 | K77: =-($D$4+$E$4*C77)/$F$4+$K$9 -> -3.4355989
B78: 1 | C78: 95 | D78: 21 | E78: 0 | F78: {=IF(E78,C78:D78, NA())} -> #N/A | H78: {=IF(E78=0,C78:D78,NA())} -> 95 | I78: 21 | J78: 95 | K78: =-($D$4+$E$4*C78)/$F$4+$K$9 -> -1.7154395
B79: 1 | C79: 54 | D79: 34 | E79: 0 | F79: {=IF(E79,C79:D79, NA())} -> #N/A | H79: {=IF(E79=0,C79:D79,NA())} -> 54 | I79: 34 | J79: 54 | K79: =-($D$4+$E$4*C79)/$F$4+$K$9 -> 33.547829
B80: 1 | C80: 34 | D80: 87 | E80: 1 | F80: {=IF(E80,C80:D80, NA())} -> 34 | G80: 87 | H80: {=IF(E80=0,C80:D80,NA())} -> #N/A | J80: 34 | K80: =-($D$4+$E$4*C80)/$F$4+$K$9 -> 50.749423
B81: 1 | C81: 94 | D81: 25 | E81: 0 | F81: {=IF(E81,C81:D81, NA())} -> #N/A | H81: {=IF(E81=0,C81:D81,NA())} -> 94 | I81: 25 | J81: 94 | K81: =-($D$4+$E$4*C81)/$F$4+$K$9 -> -0.85535977
B82: 1 | C82: 65 | D82: 27 | E82: 0 | F82: {=IF(E82,C82:D82, NA())} -> #N/A | H82: {=IF(E82=0,C82:D82,NA())} -> 65 | I82: 27 | J82: 65 | K82: =-($D$4+$E$4*C82)/$F$4+$K$9 -> 24.086952
B83: 1 | C83: 97 | D83: 82 | E83: 1 | F83: {=IF(E83,C83:D83, NA())} -> 97 | G83: 82 | H83: {=IF(E83=0,C83:D83,NA())} -> #N/A | J83: 97 | K83: =-($D$4+$E$4*C83)/$F$4+$K$9 -> -3.4355989
B84: 1 | C84: 51 | D84: 98 | E84: 1 | F84: {=IF(E84,C84:D84, NA())} -> 51 | G84: 98 | H84: {=IF(E84=0,C84:D84,NA())} -> #N/A | J84: 51 | K84: =-($D$4+$E$4*C84)/$F$4+$K$9 -> 36.128068
B85: 1 | C85: 37 | D85: 63 | E85: 0 | F85: {=IF(E85,C85:D85, NA())} -> #N/A | H85: {=IF(E85=0,C85:D85,NA())} -> 37 | I85: 63 | J85: 37 | K85: =-($D$4+$E$4*C85)/$F$4+$K$9 -> 48.169184
B86: 1 | C86: 77 | D86: 93 | E86: 1 | F86: {=IF(E86,C86:D86, NA())} -> 77 | G86: 93 | H86: {=IF(E86=0,C86:D86,NA())} -> #N/A | J86: 77 | K86: =-($D$4+$E$4*C86)/$F$4+$K$9 -> 13.765995
B87: 1 | C87: 31 | D87: 52 | E87: 0 | F87: {=IF(E87,C87:D87, NA())} -> #N/A | H87: {=IF(E87=0,C87:D87,NA())} -> 31 | I87: 52 | J87: 31 | K87: =-($D$4+$E$4*C87)/$F$4+$K$9 -> 53.329662
B88: 1 | C88: 59 | D88: 60 | E88: 1 | F88: {=IF(E88,C88:D88, NA())} -> 59 | G88: 60 | H88: {=IF(E88=0,C88:D88,NA())} -> #N/A | J88: 59 | K88: =-($D$4+$E$4*C88)/$F$4+$K$9 -> 29.24743
B89: 1 | C89: 35 | D89: 72 | E89: 0 | F89: {=IF(E89,C89:D89, NA())} -> #N/A | H89: {=IF(E89=0,C89:D89,NA())} -> 35 | I89: 72 | J89: 35 | K89: =-($D$4+$E$4*C89)/$F$4+$K$9 -> 49.889343
B90: 1 | C90: 81 | D90: 42 | E90: 1 | F90: {=IF(E90,C90:D90, NA())} -> 81 | G90: 42 | H90: {=IF(E90=0,C90:D90,NA())} -> #N/A | J90: 81 | K90: =-($D$4+$E$4*C90)/$F$4+$K$9 -> 10.325677
B91: 1 | C91: 83 | D91: 67 | E91: 1 | F91: {=IF(E91,C91:D91, NA())} -> 83 | G91: 67 | H91: {=IF(E91=0,C91:D91,NA())} -> #N/A | J91: 83 | K91: =-($D$4+$E$4*C91)/$F$4+$K$9 -> 8.6055171
B92: 1 | C92: 77 | D92: 75 | E92: 1 | F92: {=IF(E92,C92:D92, NA())} -> 77 | G92: 75 | H92: {=IF(E92=0,C92:D92,NA())} -> #N/A | J92: 77 | K92: =-($D$4+$E$4*C92)/$F$4+$K$9 -> 13.765995
B93: 1 | C93: 21 | D93: 28 | E93: 0 | F93: {=IF(E93,C93:D93, NA())} -> #N/A | H93: {=IF(E93=0,C93:D93,NA())} -> 21 | I93: 28 | J93: 21 | K93: =-($D$4+$E$4*C93)/$F$4+$K$9 -> 61.930459
B94: 1 | C94: 59 | D94: 82 | E94: 1 | F94: {=IF(E94,C94:D94, NA())} -> 59 | G94: 82 | H94: {=IF(E94=0,C94:D94,NA())} -> #N/A | J94: 59 | K94: =-($D$4+$E$4*C94)/$F$4+$K$9 -> 29.24743
B95: 1 | C95: 52 | D95: 66 | E95: 1 | F95: {=IF(E95,C95:D95, NA())} -> 52 | G95: 66 | H95: {=IF(E95=0,C95:D95,NA())} -> #N/A | J95: 52 | K95: =-($D$4+$E$4*C95)/$F$4+$K$9 -> 35.267988
B96: 1 | C96: 93 | D96: 90 | E96: 1 | F96: {=IF(E96,C96:D96, NA())} -> 93 | G96: 90 | H96: {=IF(E96=0,C96:D96,NA())} -> #N/A | J96: 93 | K96: =-($D$4+$E$4*C96)/$F$4+$K$9 -> 0.0047199497
B97: 1 | C97: 65 | D97: 28 | E97: 0 | F97: {=IF(E97,C97:D97, NA())} -> #N/A | H97: {=IF(E97=0,C97:D97,NA())} -> 65 | I97: 28 | J97: 65 | K97: =-($D$4+$E$4*C97)/$F$4+$K$9 -> 24.086952
B98: 1 | C98: 45 | D98: 85 | E98: 1 | F98: {=IF(E98,C98:D98, NA())} -> 45 | G98: 85 | H98: {=IF(E98=0,C98:D98,NA())} -> #N/A | J98: 45 | K98: =-($D$4+$E$4*C98)/$F$4+$K$9 -> 41.288546
B99: 1 | C99: 78 | D99: 85 | E99: 1 | F99: {=IF(E99,C99:D99, NA())} -> 78 | G99: 85 | H99: {=IF(E99=0,C99:D99,NA())} -> #N/A | J99: 78 | K99: =-($D$4+$E$4*C99)/$F$4+$K$9 -> 12.905916
B100: 1 | C100: 50 | D100: 62 | E100: 1 | F100: {=IF(E100,C100:D100, NA())} -> 50 | G100: 62 | H100: {=IF(E100=0,C100:D100,NA())} -> #N/A | J100: 50 | K100: =-($D$4+$E$4*C100)/$F$4+$K$9 -> 36.988148
B101: 1 | C101: 91 | D101: 71 | E101: 1 | F101: {=IF(E101,C101:D101, NA())} -> 91 | G101: 71 | H101: {=IF(E101=0,C101:D101,NA())} -> #N/A | J101: 91 | K101: =-($D$4+$E$4*C101)/$F$4+$K$9 -> 1.7248794
B102: 1 | C102: 80 | D102: 36 | E102: 1 | F102: {=IF(E102,C102:D102, NA())} -> 80 | G102: 36 | H102: {=IF(E102=0,C102:D102,NA())} -> #N/A | J102: 80 | K102: =-($D$4+$E$4*C102)/$F$4+$K$9 -> 11.185756
B103: 1 | C103: 93 | D103: 61 | E103: 1 | F103: {=IF(E103,C103:D103, NA())} -> 93 | G103: 61 | H103: {=IF(E103=0,C103:D103,NA())} -> #N/A | J103: 93 | K103: =-($D$4+$E$4*C103)/$F$4+$K$9 -> 0.0047199497
B104: 1 | C104: 82 | D104: 37 | E104: 1 | F104: {=IF(E104,C104:D104, NA())} -> 82 | G104: 37 | H104: {=IF(E104=0,C104:D104,NA())} -> #N/A | J104: 82 | K104: =-($D$4+$E$4*C104)/$F$4+$K$9 -> 9.4655968
B105: 1 | C105: 98 | D105: 33 | E105: 1 | F105: {=IF(E105,C105:D105, NA())} -> 98 | G105: 33 | H105: {=IF(E105=0,C105:D105,NA())} -> #N/A | J105: 98 | K105: =-($D$4+$E$4*C105)/$F$4+$K$9 -> -4.2956786
B106: 1 | C106: 43 | D106: 57 | E106: 1 | F106: {=IF(E106,C106:D106, NA())} -> 43 | G106: 57 | H106: {=IF(E106=0,C106:D106,NA())} -> #N/A | J106: 43 | K106: =-($D$4+$E$4*C106)/$F$4+$K$9 -> 43.008706
B107: 1 | C107: 38 | D107: 67 | E107: 1 | F107: {=IF(E107,C107:D107, NA())} -> 38 | G107: 67 | H107: {=IF(E107=0,C107:D107,NA())} -> #N/A | J107: 38 | K107: =-($D$4+$E$4*C107)/$F$4+$K$9 -> 47.309104
B108: 1 | C108: 56 | D108: 26 | E108: 0 | F108: {=IF(E108,C108:D108, NA())} -> #N/A | H108: {=IF(E108=0,C108:D108,NA())} -> 56 | I108: 26 | J108: 56 | K108: =-($D$4+$E$4*C108)/$F$4+$K$9 -> 31.827669
B109: 1 | C109: 46 | D109: 98 | E109: 1 | F109: {=IF(E109,C109:D109, NA())} -> 46 | G109: 98 | H109: {=IF(E109=0,C109:D109,NA())} -> #N/A | J109: 46 | K109: =-($D$4+$E$4*C109)/$F$4+$K$9 -> 40.428467
B110: 1 | C110: 34 | D110: 86 | E110: 1 | F110: {=IF(E110,C110:D110, NA())} -> 34 | G110: 86 | H110: {=IF(E110=0,C110:D110,NA())} -> #N/A | J110: 34 | K110: =-($D$4+$E$4*C110)/$F$4+$K$9 -> 50.749423
...
